"","player","global_ID","player_ID","team","team_abr","team_code","position_name","position_code","jersey_number","experience","rookie_year","birth_year","college","height_inch","weight_lbs"
"1","Kyle Korver","58293","3754","Atlanta Hawks","ATL","1","Shooting Guard","2","26","13","2003","1981","Creighton","79","212"
"2","Dwight Howard","253975","3818","Atlanta Hawks","ATL","1","Center","9","8","12","2004","1985","None","83","265"
"3","Kris Humphries","229649","3831","Atlanta Hawks","ATL","1","Power Forward","6","43","12","2004","1985","Minnesota","81","235"
"4","Jarrett Jack","178537","3948","Atlanta Hawks","ATL","1","Point Guard","1","2","11","2005","1983","Georgia Tech","75","200"
"5","Thabo Sefolosha","329187","4141","Atlanta Hawks","ATL","1","Small Forward","5","25","10","2006","1984","None","79","220"
"6","Paul Millsap","237675","4175","Atlanta Hawks","ATL","1","Power Forward","6","4","10","2006","1985","Louisiana Tech","80","246"
"7","Tiago Splitter","393436","4306","Atlanta Hawks","ATL","1","Center","9","11","6","2010","1985","None","83","245"
"8","Mike Scott","398034","5077","Atlanta Hawks","ATL","1","Power Forward","6","32","4","2012","1988","Virginia","80","237"
"9","Kent Bazemore","410764","5102","Atlanta Hawks","ATL","1","Small Forward","5","24","4","2012","1989","Old Dominion","77","201"
"10","Dennis Schroder","739958","5187","Atlanta Hawks","ATL","1","Point Guard","1","17","3","2013","1993","None","73","172"
"11","Tim Hardaway Jr.","551771","5194","Atlanta Hawks","ATL","1","Shooting Guard","2","10","3","2013","1992","Michigan","78","205"
"12","Mike Muscala","520388","5214","Atlanta Hawks","ATL","1","Center","9","31","3","2013","1991","Bucknell","83","240"
"13","Walter Tavares","830651","5354","Atlanta Hawks","ATL","1","Center","9","22","1","2015","1992","None","87","265"
"14","Taurean Prince","696209","5643","Atlanta Hawks","ATL","1","Small Forward","5","12","0","2016","1994","Baylor","80","220"
"15","DeAndre' Bembry","795428","5652","Atlanta Hawks","ATL","1","Small Forward","5","21","0","2016","1994","St. Joseph's","78","210"
"16","Malcolm Delaney","401629","5696","Atlanta Hawks","ATL","1","Shooting Guard","2","19","0","2016","1989","Virginia Tech","75","190"
"17","Matt Costello","712592","5718","Atlanta Hawks","ATL","1","Power Forward","6","37","0","2016","1993","Michigan State","81","245"
"18","Gerald Green","292391","3944","Boston Celtics","BOS","2","Shooting Guard","2","30","9","2005","1986","None","80","205"
"19","Amir Johnson","292407","3982","Boston Celtics","BOS","2","Power Forward","6","90","11","2005","1987","None","81","249"
"20","Al Horford","280587","4245","Boston Celtics","BOS","2","Center","9","42","9","2007","1986","Florida","82","245"
"21","Jonas Jerebko","503807","4644","Boston Celtics","BOS","2","Power Forward","6","8","6","2009","1987","None","82","231"
"22","Avery Bradley","513607","4750","Boston Celtics","BOS","2","Shooting Guard","2","0","6","2010","1990","Texas","74","180"
"23","Isaiah Thomas","457605","4942","Boston Celtics","BOS","2","Point Guard","1","4","5","2011","1989","Washington","69","185"
"24","Tyler Zeller","462461","5023","Boston Celtics","BOS","2","Center","9","44","4","2012","1990","North Carolina","84","250"
"25","Jae Crowder","552381","5068","Boston Celtics","BOS","2","Small Forward","5","99","4","2012","1990","Marquette","78","235"
"26","Kelly Olynyk","514882","5164","Boston Celtics","BOS","2","Center","9","41","3","2013","1991","Gonzaga","84","238"
"27","Marcus Smart","697132","5317","Boston Celtics","BOS","2","Point Guard","1","36","2","2014","1994","Oklahoma State","76","220"
"28","James Young","786406","5328","Boston Celtics","BOS","2","Shooting Guard","2","13","2","2014","1995","Kentucky","78","215"
"29","John Holland","409834","5408","Boston Celtics","BOS","2","Shooting Guard","2","39","0","2015","1988","Boston University","77","205"
"30","Terry Rozier","786293","5476","Boston Celtics","BOS","2","Point Guard","1","12","1","2015","1994","Louisville","73","190"
"31","R.J. Hunter","691716","5488","Boston Celtics","BOS","2","Shooting Guard","2","28","1","2015","1993","Georgia State","78","190"
"32","Jordan Mickey","745825","5493","Boston Celtics","BOS","2","Power Forward","6","55","1","2015","1994","LSU","80","235"
"33","Jaylen Brown","883436","5602","Boston Celtics","BOS","2","Small Forward","5","7","0","2016","1996","California","79","225"
"34","Guerschon Yabusele","920087","5647","Boston Celtics","BOS","2","Power Forward","6","16","0","2016","1995","None","80","270"
"35","Ante Zizic","920089","5654","Boston Celtics","BOS","2","Center","9","23","0","2016","1997","None","84","249"
"36","Demetrius Jackson","746335","5676","Boston Celtics","BOS","2","Point Guard","1","9","0","2016","1994","Notre Dame","73","201"
"37","Ben Bentil","843826","5682","Boston Celtics","BOS","2","Power Forward","6","21","0","2016","1995","Providence","81","235"
"38","Abdel Nader","610597","5689","Boston Celtics","BOS","2","Power Forward","6","58","0","2016","1993","Iowa State","78","225"
"39","Jalen Jones","606361","5732","Boston Celtics","BOS","2","Small Forward","5","12","0","2016","1993","Texas A&M","79","223"
"40","Damion Lee","609081","5733","Boston Celtics","BOS","2","Shooting Guard","2","60","0","2016","1992","Louisville","78","210"
"41","Luis Scola","168061","3653","Brooklyn Nets","BKN","17","Power Forward","6","4","9","2007","1980","None","81","240"
"42","Randy Foye","172692","4135","Brooklyn Nets","BKN","17","Point Guard","1","2","10","2006","1983","Villanova","76","213"
"43","Brook Lopez","330047","4472","Brooklyn Nets","BKN","17","Center","9","11","8","2008","1988","Stanford","84","275"
"44","Trevor Booker","330453","4754","Brooklyn Nets","BKN","17","Power Forward","6","35","6","2010","1987","Clemson","80","230"
"45","Greivis Vasquez","332666","4759","Brooklyn Nets","BKN","17","Point Guard","1","21","6","2010","1987","Maryland","78","200"
"46","Jeremy Lin","340730","4795","Brooklyn Nets","BKN","17","Point Guard","1","7","6","2010","1988","Harvard","75","200"
"47","Bojan Bogdanovic","599812","4913","Brooklyn Nets","BKN","17","Shooting Guard","2","44","2","2014","1989","None","80","216"
"48","Justin Hamilton","458718","5079","Brooklyn Nets","BKN","17","Center","9","41","2","2013","1990","LSU","84","255"
"49","Anthony Bennett","703474","5152","Brooklyn Nets","BKN","17","Small Forward","5","13","3","2013","1993","UNLV","80","245"
"50","Joe Harris","549969","5344","Brooklyn Nets","BKN","17","Shooting Guard","2","19","2","2014","1991","Virginia","78","219"
"51","Markel Brown","553184","5355","Brooklyn Nets","BKN","17","Shooting Guard","2","22","2","2014","1992","Oklahoma State","75","185"
"52","Sean Kilpatrick","511055","5428","Brooklyn Nets","BKN","17","Shooting Guard","2","6","2","2014","1990","Cincinnati","76","210"
"53","Rondae Hollis-Jefferson","750654","5483","Brooklyn Nets","BKN","17","Shooting Guard","2","24","1","2015","1995","Arizona","79","210"
"54","Chris McCullough","851153","5489","Brooklyn Nets","BKN","17","Power Forward","6","1","1","2015","1995","Syracuse","81","210"
"55","Caris LeVert","698991","5651","Brooklyn Nets","BKN","17","Shooting Guard","2","22","0","2016","1994","Michigan","79","205"
"56","Isaiah Whitehead","843834","5673","Brooklyn Nets","BKN","17","Shooting Guard","2","15","0","2016","1995","Seton Hall","76","210"
"57","Beau Beech","679359","5719","Brooklyn Nets","BKN","17","Shooting Guard","2","41","0","2016","1994","North Florida","81","215"
"58","Yogi Ferrell","698635","5720","Brooklyn Nets","BKN","17","Point Guard","1","37","0","2016","1993","Indiana","72","180"
"59","Egidijus Mockevicius","715504","5721","Brooklyn Nets","BKN","17","Center","9","59","0","2016","1992","Evansville","82","225"
"60","Marvin Williams","263884","3928","Charlotte Hornets","CHA","30","Power Forward","6","2","11","2005","1986","North Carolina","81","237"
"61","Spencer Hawes","329824","4288","Charlotte Hornets","CHA","30","Center","9","00","9","2007","1988","Washington","85","245"
"62","Marco Belinelli","393434","4296","Charlotte Hornets","CHA","30","Shooting Guard","2","33","9","2007","1986","None","77","215"
"63","Ramon Sessions","278479","4333","Charlotte Hornets","CHA","30","Point Guard","1","7","9","2007","1986","Nevada","75","190"
"64","Roy Hibbert","266369","4479","Charlotte Hornets","CHA","30","Center","9","55","8","2008","1986","Georgetown","86","270"
"65","Nicolas Batum","456451","4487","Charlotte Hornets","CHA","30","Shooting Guard","2","5","8","2008","1988","None","80","200"
"66","Kemba Walker","462980","4890","Charlotte Hornets","CHA","30","Point Guard","1","15","5","2011","1990","Connecticut","73","184"
"67","Michael Kidd-Gilchrist","603095","5008","Charlotte Hornets","CHA","30","Small Forward","5","14","4","2012","1993","Kentucky","79","232"
"68","Jeremy Lamb","552980","5018","Charlotte Hornets","CHA","30","Shooting Guard","2","3","4","2012","1992","Connecticut","77","185"
"69","Brian Roberts","263565","5105","Charlotte Hornets","CHA","30","Point Guard","1","22","4","2012","1985","Dayton","73","173"
"70","Cody Zeller","602028","5155","Charlotte Hornets","CHA","30","Center","9","40","3","2013","1992","Indiana","84","240"
"71","Jorge Gutierrez","457350","5265","Charlotte Hornets","CHA","30","Point Guard","1","12","3","2013","1988","California","75","195"
"72","Frank Kaminsky","606731","5469","Charlotte Hornets","CHA","30","Center","9","44","1","2015","1993","Wisconsin","84","242"
"73","Aaron Harrison","786407","5523","Charlotte Hornets","CHA","30","Point Guard","1","9","1","2015","1994","Kentucky","78","212"
"74","Treveon Graham","609818","5539","Charlotte Hornets","CHA","30","Shooting Guard","2","30","0","2016","1993","Virginia Commonwealth","78","219"
"75","Christian Wood","750924","5583","Charlotte Hornets","CHA","30","Power Forward","6","35","1","2015","1995","UNLV","83","220"
"76","Mike Tobey","697969","5702","Charlotte Hornets","CHA","30","Center","9","56","0","2016","1994","Virginia","84","260"
"77","Andrew Andrews","607529","5715","Charlotte Hornets","CHA","30","Point Guard","1","1","0","2016","1993","Washington","74","200"
"78","Rasheed Sulaimon","696289","5716","Charlotte Hornets","CHA","30","Shooting Guard","2","6","0","2016","1994","Maryland","76","190"
"79","Dwyane Wade","61849","3708","Chicago Bulls","CHI","4","Shooting Guard","2","3","13","2003","1982","Marquette","76","220"
"80","Rajon Rondo","262882","4149","Chicago Bulls","CHI","4","Point Guard","1","9","10","2006","1986","Kentucky","73","186"
"81","Robin Lopez","330050","4477","Chicago Bulls","CHI","4","Center","9","8","8","2008","1988","Stanford","84","265"
"82","Taj Gibson","330057","4631","Chicago Bulls","CHI","4","Power Forward","6","22","7","2009","1985","USC","81","235"
"83","Nikola Mirotic","599809","4905","Chicago Bulls","CHI","4","Power Forward","6","44","2","2014","1991","None","82","220"
"84","Jimmy Butler","458730","4912","Chicago Bulls","CHI","4","Shooting Guard","2","21","5","2011","1989","Marquette","79","230"
"85","Tony Snell","550991","5190","Chicago Bulls","CHI","4","Small Forward","5","20","3","2013","1991","New Mexico","79","200"
"86","Isaiah Canaan","509094","5204","Chicago Bulls","CHI","4","Point Guard","1","0","3","2013","1991","Murray State","72","201"
"87","Doug McDermott","554804","5322","Chicago Bulls","CHI","4","Small Forward","5","11","2","2014","1992","Creighton","80","223"
"88","Spencer Dinwiddie","602411","5349","Chicago Bulls","CHI","4","Point Guard","1","18","2","2014","1993","Colorado","78","200"
"89","Jerian Grant","552319","5479","Chicago Bulls","CHI","4","Point Guard","1","13","1","2015","1992","Notre Dame","76","198"
"90","Bobby Portis","750703","5482","Chicago Bulls","CHI","4","Power Forward","6","5","1","2015","1995","Arkansas","83","250"
"91","Cristiano Felicio","839018","5522","Chicago Bulls","CHI","4","Center","9","6","1","2015","1992","None","81","270"
"92","Denzel Valentine","712595","5645","Chicago Bulls","CHI","4","Small Forward","5","14","0","2016","1993","Michigan State","77","220"
"93","Paul Zipser","920098","5679","Chicago Bulls","CHI","4","Small Forward","5","48","0","2016","1994","None","78","210"
"94","Richard Jefferson","3504","3523","Cleveland Cavaliers","CLE","5","Small Forward","5","24","15","2001","1980","Arizona","79","233"
"95","Chris Andersen","75344","3598","Cleveland Cavaliers","CLE","5","Center","9","00","14","2001","1978","Blinn (TX) JC","82","245"
"96","Mike Dunleavy","168066","3601","Cleveland Cavaliers","CLE","5","Small Forward","5","3","14","2002","1980","Duke","81","220"
"97","LeBron James","214152","3704","Cleveland Cavaliers","CLE","5","Small Forward","5","23","13","2003","1984","None","80","250"
"98","Mo Williams","65834","3750","Cleveland Cavaliers","CLE","5","Point Guard","1","52","13","2003","1982","Alabama","73","198"
"99","James Jones","58360","3752","Cleveland Cavaliers","CLE","5","Shooting Guard","2","1","13","2003","1980","Miami (FL)","80","218"
"100","Channing Frye","65871","3934","Cleveland Cavaliers","CLE","5","Power Forward","6","9","10","2005","1983","Arizona","83","255"
"101","Kevin Love","395374","4391","Cleveland Cavaliers","CLE","5","Power Forward","6","0","8","2008","1988","UCLA","82","251"
"102","Kyrie Irving","551768","4840","Cleveland Cavaliers","CLE","5","Point Guard","1","2","5","2011","1992","Duke","75","193"
"103","Tristan Thompson","552806","4884","Cleveland Cavaliers","CLE","5","Power Forward","6","13","5","2011","1991","Texas","82","238"
"104","Iman Shumpert","457186","4898","Cleveland Cavaliers","CLE","5","Shooting Guard","2","4","5","2011","1990","Georgia Tech","77","220"
"105","Jordan McRae","552530","5370","Cleveland Cavaliers","CLE","5","Shooting Guard","2","12","1","2015","1991","Tennessee","78","185"
"106","Kay Felder","789776","5685","Cleveland Cavaliers","CLE","5","Point Guard","1","20","0","2016","1995","Oakland","69","176"
"107","Dirk Nowitzki","3234","3252","Dallas Mavericks","DAL","6","Power Forward","6","41","18","1998","1978","None","84","245"
"108","Devin Harris","65820","3822","Dallas Mavericks","DAL","6","Point Guard","1","34","12","2004","1983","Wisconsin","75","185"
"109","Andrew Bogut","229912","3927","Dallas Mavericks","DAL","6","Center","9","6","11","2005","1984","Utah","84","260"
"110","Deron Williams","172537","3929","Dallas Mavericks","DAL","6","Point Guard","1","8","11","2005","1984","Illinois","75","200"
"111","J.J. Barea","173520","4203","Dallas Mavericks","DAL","6","Point Guard","1","5","10","2006","1984","Northeastern","72","185"
"112","Wesley Matthews","295809","4694","Dallas Mavericks","DAL","6","Shooting Guard","2","23","7","2009","1986","Marquette","77","220"
"113","Harrison Barnes","552336","5013","Dallas Mavericks","DAL","6","Small Forward","5","40","4","2012","1992","North Carolina","80","225"
"114","Quincy Acy","469234","5071","Dallas Mavericks","DAL","6","Power Forward","6","4","4","2012","1990","Baylor","79","240"
"115","Seth Curry","463135","5245","Dallas Mavericks","DAL","6","Point Guard","1","30","3","2013","1990","Duke","74","185"
"116","Dwight Powell","552309","5356","Dallas Mavericks","DAL","6","Power Forward","6","7","2","2014","1991","Stanford","83","240"
"117","Justin Anderson","697982","5481","Dallas Mavericks","DAL","6","Small Forward","5","1","1","2015","1993","Virginia","78","228"
"118","Salah Mejri","555263","5536","Dallas Mavericks","DAL","6","Center","9","50","1","2015","1986","None","86","235"
"119","A.J. Hammons","691488","5677","Dallas Mavericks","DAL","6","Center","9","20","0","2016","1992","Purdue","84","250"
"120","Dorian Finney-Smith","606701","5693","Dallas Mavericks","DAL","6","Power Forward","6","10","0","2016","1993","Florida","80","220"
"121","Jonathan Gibson","333196","5698","Dallas Mavericks","DAL","6","Shooting Guard","2","47","0","2016","1987","New Mexico State","74","185"
"122","Nicolas Brussino","922594","5699","Dallas Mavericks","DAL","6","Shooting Guard","2","53","0","2016","1993","None","79","195"
"123","Kyle Collinsworth","555599","5700","Dallas Mavericks","DAL","6","Shooting Guard","2","57","0","2016","1991","Brigham Young","78","215"
"124","Mike Miller","3385","3404","Denver Nuggets","DEN","7","Shooting Guard","2","3","16","2000","1980","Florida","80","218"
"125","Jameer Nelson","61934","3837","Denver Nuggets","DEN","7","Point Guard","1","1","12","2004","1982","St. Joseph's","72","200"
"126","Wilson Chandler","295941","4301","Denver Nuggets","DEN","7","Small Forward","5","21","8","2007","1987","DePaul","80","225"
"127","Danilo Gallinari","456448","4468","Denver Nuggets","DEN","7","Small Forward","5","8","7","2008","1988","None","82","225"
"128","Darrell Arthur","330347","4489","Denver Nuggets","DEN","7","Power Forward","6","00","7","2008","1988","Kansas","81","235"
"129","Kenneth Faried","411111","4904","Denver Nuggets","DEN","7","Power Forward","6","35","5","2011","1989","Morehead State","80","228"
"130","D.J. Kennedy","401680","5006","Denver Nuggets","DEN","7","Shooting Guard","2","12","1","2011","1989","St. John's","78","215"
"131","Will Barton","551760","5074","Denver Nuggets","DEN","7","Shooting Guard","2","5","4","2012","1991","Memphis","78","175"
"132","Robbie Hummel","398421","5092","Denver Nuggets","DEN","7","Small Forward","5","4","2","2013","1989","Purdue","80","220"
"133","Nate Wolters","523820","5208","Denver Nuggets","DEN","7","Point Guard","1","4","2","2013","1991","South Dakota State","76","190"
"134","Jusuf Nurkic","830642","5327","Denver Nuggets","DEN","7","Center","9","23","2","2014","1994","None","84","280"
"135","Gary Harris","712593","5330","Denver Nuggets","DEN","7","Shooting Guard","2","14","2","2014","1994","Michigan State","76","210"
"136","Jarnell Stokes","639269","5346","Denver Nuggets","DEN","7","Power Forward","6","12","2","2014","1994","Tennessee","81","263"
"137","Nikola Jokic","830650","5352","Denver Nuggets","DEN","7","Center","9","15","1","2015","1995","None","82","250"
"138","Jakarr Sampson","609848","5417","Denver Nuggets","DEN","7","Small Forward","5","9","2","2014","1993","St. John's","81","214"
"139","Emmanuel Mudiay","877870","5467","Denver Nuggets","DEN","7","Point Guard","1","0","1","2015","1996","None","77","200"
"140","Axel Toupane","880954","5528","Denver Nuggets","DEN","7","Small Forward","5","6","1","2015","1992","None","79","210"
"141","Jamal Murray","891352","5638","Denver Nuggets","DEN","7","Shooting Guard","2","7","0","2016","1997","Kentucky","76","207"
"142","Juan Hernangomez","920082","5646","Denver Nuggets","DEN","7","Power Forward","6","55","0","2016","1995","None","81","220"
"143","Malik Beasley","879503","5650","Denver Nuggets","DEN","7","Point Guard","1","19","0","2016","1996","Florida State","77","196"
"144","Petr Cornelie","920099","5684","Denver Nuggets","DEN","7","Power Forward","6","43","0","2016","1995","None","83","220"
"145","Joel Anthony","265013","4339","Detroit Pistons","DET","8","Power Forward","6","50","9","2007","1982","UNLV","81","245"
"146","Ish Smith","329873","4800","Detroit Pistons","DET","8","Point Guard","1","14","6","2010","1988","Wake Forest","72","175"
"147","Marcus Morris","469089","4895","Detroit Pistons","DET","8","Small Forward","5","13","5","2011","1989","Kansas","81","235"
"148","Tobias Harris","552523","4901","Detroit Pistons","DET","8","Small Forward","5","34","5","2011","1992","Tennessee","81","235"
"149","Reggie Jackson","462444","4906","Detroit Pistons","DET","8","Point Guard","1","1","5","2011","1990","Boston College","75","208"
"150","Jon Leuer","398090","4922","Detroit Pistons","DET","8","Power Forward","6","30","5","2011","1989","Wisconsin","82","228"
"151","Andre Drummond","614746","5015","Detroit Pistons","DET","8","Center","9","0","4","2012","1993","Connecticut","83","279"
"152","Aron Baynes","296379","5150","Detroit Pistons","DET","8","Center","9","12","4","2012","1986","Washington State","82","260"
"153","Kentavious Caldwell-Pope","602730","5159","Detroit Pistons","DET","8","Shooting Guard","2","5","3","2013","1993","Georgia","77","205"
"154","Reggie Bullock","552335","5195","Detroit Pistons","DET","8","Small Forward","5","25","3","2013","1991","North Carolina","79","205"
"155","Ray McCallum","567408","5206","Detroit Pistons","DET","8","Point Guard","1","15","3","2013","1991","Detroit","75","190"
"156","Lorenzo Brown","502908","5222","Detroit Pistons","DET","8","Point Guard","1","17","3","2013","1990","North Carolina State","77","186"
"157","Cameron Bairstow","550992","5360","Detroit Pistons","DET","8","Power Forward","6","41","2","2014","1990","New Mexico","81","260"
"158","Stanley Johnson","844331","5468","Detroit Pistons","DET","8","Small Forward","5","3","1","2015","1996","Arizona","79","245"
"159","Darrun Hilliard","601538","5498","Detroit Pistons","DET","8","Shooting Guard","2","6","1","2015","1993","Villanova","78","205"
"160","Boban Marjanovic","553331","5524","Detroit Pistons","DET","8","Center","9","51","1","2015","1988","None","87","290"
"161","Henry Ellenson","882284","5649","Detroit Pistons","DET","8","Power Forward","6","8","0","2016","1997","Marquette","83","245"
"162","Michael Gbinije","601142","5680","Detroit Pistons","DET","8","Small Forward","5","9","0","2016","1992","Syracuse","79","200"
"163","David West","57934","3721","Golden State Warriors","GS","9","Power Forward","6","3","13","2003","1980","Xavier","81","240"
"164","Zaza Pachulia","214168","3745","Golden State Warriors","GS","9","Center","9","27","13","2003","1984","None","83","275"
"165","Shaun Livingston","253980","3821","Golden State Warriors","GS","9","Point Guard","1","34","11","2004","1985","None","79","182"
"166","Andre Iguodala","173004","3826","Golden State Warriors","GS","9","Small Forward","5","9","12","2004","1984","Arizona","78","207"
"167","Anderson Varejao","254009","3847","Golden State Warriors","GS","9","Center","9","18","12","2004","1982","None","83","273"
"168","Kevin Durant","329525","4244","Golden State Warriors","GS","9","Small Forward","5","35","9","2007","1988","Texas","81","240"
"169","JaVale McGee","333212","4480","Golden State Warriors","GS","9","Center","9","11","8","2008","1988","Nevada","84","270"
"170","Stephen Curry","338365","4612","Golden State Warriors","GS","9","Point Guard","1","30","7","2009","1988","Davidson","75","190"
"171","Elliot Williams","467272","4753","Golden State Warriors","GS","9","Shooting Guard","2","25","4","2010","1989","Memphis","77","180"
"172","Klay Thompson","457611","4892","Golden State Warriors","GS","9","Shooting Guard","2","11","5","2011","1990","Washington State","79","215"
"173","Draymond Green","468895","5069","Golden State Warriors","GS","9","Power Forward","6","23","4","2012","1990","Michigan State","79","230"
"174","Phil Pressey","552183","5233","Golden State Warriors","GS","9","Point Guard","1","26","3","2013","1991","Missouri","71","180"
"175","Ian Clark","504523","5237","Golden State Warriors","GS","9","Shooting Guard","2","21","3","2013","1991","Belmont","75","175"
"176","Cameron Jones","411181","5257","Golden State Warriors","GS","9","Shooting Guard","2","6","0","2016","1989","Northern Arizona","76","195"
"177","James Michael McAdoo","609569","5385","Golden State Warriors","GS","9","Power Forward","6","20","2","2014","1993","North Carolina","81","230"
"178","Kevon Looney","846499","5490","Golden State Warriors","GS","9","Power Forward","6","5","1","2015","1996","UCLA","81","220"
"179","Damian Jones","745922","5661","Golden State Warriors","GS","9","Center","9","15","0","2016","1995","Vanderbilt","84","245"
"180","Patrick McCaw","847005","5669","Golden State Warriors","GS","9","Shooting Guard","2","0","0","2016","1995","UNLV","79","185"
"181","Elgin Cook","743703","5734","Golden State Warriors","GS","9","Small Forward","5","2","0","2016","1993","Oregon","78","205"
"182","Nene","168013","3605","Houston Rockets","HOU","10","Power Forward","6","42","14","2002","1982","None","83","250"
"183","Trevor Ariza","229738","3860","Houston Rockets","HOU","10","Small Forward","5","1","12","2004","1985","UCLA","80","215"
"184","Corey Brewer","263217","4285","Houston Rockets","HOU","10","Small Forward","5","33","9","2007","1986","Florida","81","186"
"185","Michael Beasley","405345","4388","Houston Rockets","HOU","10","Small Forward","5","8","8","2008","1989","Kansas State","82","235"
"186","Eric Gordon","401085","4469","Houston Rockets","HOU","10","Shooting Guard","2","10","8","2008","1988","Indiana","76","215"
"187","Ryan Anderson","329715","4483","Houston Rockets","HOU","10","Power Forward","6","3","8","2008","1988","California","82","240"
"188","James Harden","395388","4563","Houston Rockets","HOU","10","Shooting Guard","2","13","7","2009","1989","Arizona State","77","220"
"189","Patrick Beverley","332691","4647","Houston Rockets","HOU","10","Point Guard","1","2","4","2012","1988","Arkansas","73","185"
"190","Donatas Motiejunas","599805","4902","Houston Rockets","HOU","10","Power Forward","6","20","4","2012","1990","None","84","222"
"191","Andrew Goudelock","410116","4928","Houston Rockets","HOU","10","Point Guard","1","0","3","2011","1988","Charleston","74","200"
"192","Pablo Prigioni","552599","5098","Houston Rockets","HOU","10","Point Guard","1","9","4","2012","1977","None","75","185"
"193","Clint Capela","830647","5336","Houston Rockets","HOU","10","Power Forward","6","15","2","2014","1994","None","82","240"
"194","K.J. McDaniels","604734","5343","Houston Rockets","HOU","10","Small Forward","5","32","2","2014","1993","Clemson","78","205"
"195","Sam Dekker","691518","5478","Houston Rockets","HOU","10","Small Forward","5","7","1","2015","1994","Wisconsin","81","230"
"196","Montrezl Harrell","698651","5492","Houston Rockets","HOU","10","Power Forward","6","35","1","2015","1994","Louisville","80","240"
"197","Chinanu Onuaku","846386","5668","Houston Rockets","HOU","10","Center","9","57","0","2016","1996","Louisville","82","245"
"198","Zhou Qi","908263","5674","Houston Rockets","HOU","10","Power Forward","6","43","0","2016","1996","None","85","209"
"199","Al Jefferson","253995","3832","Indiana Pacers","IND","11","Center","9","7","12","2004","1985","None","82","289"
"200","C.J. Miles","292394","3960","Indiana Pacers","IND","11","Small Forward","5","0","11","2005","1987","None","78","225"
"201","Monta Ellis","292397","3966","Indiana Pacers","IND","11","Shooting Guard","2","11","11","2005","1985","None","75","185"
"202","Thaddeus Young","329683","4290","Indiana Pacers","IND","11","Power Forward","6","21","9","2007","1988","Georgia Tech","80","220"
"203","Rodney Stuckey","278110","4293","Indiana Pacers","IND","11","Shooting Guard","2","2","9","2007","1986","Eastern Washington","77","210"
"204","Aaron Brooks","229726","4304","Indiana Pacers","IND","11","Point Guard","1","00","8","2007","1985","Oregon","72","185"
"205","Jeff Teague","398043","4624","Indiana Pacers","IND","11","Point Guard","1","44","7","2009","1988","Wake Forest","74","186"
"206","Paul George","469218","4725","Indiana Pacers","IND","11","Small Forward","5","13","6","2010","1990","Fresno State","81","225"
"207","Kevin Seraphin","550427","4748","Indiana Pacers","IND","11","Power Forward","6","1","6","2010","1989","None","81","278"
"208","Jeremy Evans","340764","4786","Indiana Pacers","IND","11","Small Forward","5","22","6","2010","1987","Western Kentucky","81","200"
"209","Lavoy Allen","402984","4932","Indiana Pacers","IND","11","Center","9","5","5","2011","1989","Temple","81","260"
"210","Julyan Stone","399800","5000","Indiana Pacers","IND","11","Shooting Guard","2","10","3","2011","1988","UTEP","78","200"
"211","Glenn Robinson III","698979","5351","Indiana Pacers","IND","11","Small Forward","5","40","2","2014","1994","Michigan","78","222"
"212","Shayne Whittington","508237","5378","Indiana Pacers","IND","11","Center","9","42","2","2014","1991","Western Michigan","83","250"
"213","Myles Turner","843762","5471","Indiana Pacers","IND","11","Power Forward","6","33","1","2015","1996","Texas","83","240"
"214","Rakeem Christmas","609792","5496","Indiana Pacers","IND","11","Power Forward","6","25","1","2015","1991","Syracuse","81","250"
"215","Joe Young","553721","5503","Indiana Pacers","IND","11","Shooting Guard","2","1","1","2015","1992","Oregon","74","180"
"216","Georges Niang","679381","5681","Indiana Pacers","IND","11","Power Forward","6","32","0","2016","1993","Iowa State","80","230"
"217","Alex Poythress","699951","5711","Indiana Pacers","IND","11","Small Forward","5","4","0","2016","1993","Kentucky","80","230"
"218","Nick Zeisloft","603416","5717","Indiana Pacers","IND","11","Point Guard","1","15","0","2016","1992","Indiana","76","210"
"219","Paul Pierce","3235","3253","Los Angeles Clippers","LAC","12","Small Forward","5","34","18","1998","1977","Kansas","79","235"
"220","Jamal Crawford","3388","3407","Los Angeles Clippers","LAC","12","Shooting Guard","2","11","16","2000","1980","Michigan","77","200"
"221","Chris Paul","229598","3930","Los Angeles Clippers","LAC","12","Point Guard","1","3","11","2005","1985","Wake Forest","72","175"
"222","Raymond Felton","174063","3931","Los Angeles Clippers","LAC","12","Shooting Guard","2","29","11","2005","1984","North Carolina","73","205"
"223","Brandon Bass","229792","3959","Los Angeles Clippers","LAC","12","Power Forward","6","2","11","2005","1985","LSU","80","250"
"224","Alan Anderson","66858","3995","Los Angeles Clippers","LAC","12","Shooting Guard","2","26","7","2005","1982","Michigan State","78","220"
"225","J.J. Redick","172643","4139","Los Angeles Clippers","LAC","12","Shooting Guard","2","4","10","2006","1984","Duke","76","190"
"226","Marreese Speights","330421","4478","Los Angeles Clippers","LAC","12","Center","9","5","8","2008","1987","Florida","82","255"
"227","DeAndre Jordan","398142","4497","Los Angeles Clippers","LAC","12","Center","9","6","8","2008","1988","Texas A&M","83","265"
"228","Luc Richard Mbah a Moute","295436","4498","Los Angeles Clippers","LAC","12","Power Forward","6","12","8","2008","1986","UCLA","80","230"
"229","Blake Griffin","399725","4561","Los Angeles Clippers","LAC","12","Power Forward","6","32","6","2009","1989","Oklahoma","82","251"
"230","Wesley Johnson","329544","4719","Los Angeles Clippers","LAC","12","Small Forward","5","33","6","2010","1987","Syracuse","79","215"
"231","Austin Rivers","601139","5016","Los Angeles Clippers","LAC","12","Shooting Guard","2","25","4","2012","1992","Duke","76","200"
"232","Brice Johnson","697023","5656","Los Angeles Clippers","LAC","12","Power Forward","6","27","0","2016","1994","North Carolina","82","230"
"233","David Michineau","920096","5670","Los Angeles Clippers","LAC","12","Point Guard","1","9","0","2016","1994","None","76","180"
"234","Diamond Stone","887920","5671","Los Angeles Clippers","LAC","12","Center","9","10","0","2016","1997","Maryland","83","255"
"235","Luol Deng","229569","3824","Los Angeles Lakers","LAL","13","Small Forward","5","9","12","2004","1985","Duke","81","220"
"236","Lou Williams","292401","3971","Los Angeles Lakers","LAL","13","Shooting Guard","2","23","11","2005","1986","None","73","175"
"237","Jose Calderon","296475","3989","Los Angeles Lakers","LAL","13","Point Guard","1","5","11","2005","1981","None","75","210"
"238","Yi Jianlian","393433","4284","Los Angeles Lakers","LAL","13","Power Forward","6","11","5","2007","1987","None","84","250"
"239","Nick Young","263228","4294","Los Angeles Lakers","LAL","13","Shooting Guard","2","0","9","2007","1985","USC","79","210"
"240","Timofey Mozgov","552679","4794","Los Angeles Lakers","LAL","13","Center","9","20","6","2010","1986","None","85","275"
"241","Ryan Kelly","510784","5218","Los Angeles Lakers","LAL","13","Small Forward","5","4","3","2013","1991","Duke","83","230"
"242","Julius Randle","786412","5318","Los Angeles Lakers","LAL","13","Power Forward","6","30","2","2014","1994","Kentucky","81","250"
"243","Jordan Clarkson","551975","5357","Los Angeles Lakers","LAL","13","Point Guard","1","6","2","2014","1992","Missouri","77","185"
"244","Tarik Black","551761","5383","Los Angeles Lakers","LAL","13","Center","9","28","2","2014","1991","Kansas","81","250"
"245","Travis Wear","502881","5389","Los Angeles Lakers","LAL","13","Power Forward","6","21","1","2014","1990","UCLA","82","230"
"246","D'Angelo Russell","844038","5433","Los Angeles Lakers","LAL","13","Point Guard","1","1","1","2015","1996","Ohio State","77","195"
"247","Larry Nance Jr.","603640","5487","Los Angeles Lakers","LAL","13","Power Forward","6","7","1","2015","1993","Wyoming","81","230"
"248","Anthony Brown","552305","5494","Los Angeles Lakers","LAL","13","Small Forward","5","3","1","2015","1992","Stanford","77","210"
"249","Marcelo Huertas","553779","5544","Los Angeles Lakers","LAL","13","Point Guard","1","4","1","2015","1983","None","75","200"
"250","Brandon Ingram","887665","5601","Los Angeles Lakers","LAL","13","Small Forward","5","14","0","2016","1997","Duke","81","190"
"251","Ivica Zubac","920093","5663","Los Angeles Lakers","LAL","13","Center","9","40","0","2016","1997","None","85","265"
"252","Julian Jacobs","743973","5712","Los Angeles Lakers","LAL","13","Point Guard","1","12","0","2016","1994","USC","76","180"
"253","Zach Auguste","697038","5722","Los Angeles Lakers","LAL","13","Power Forward","6","29","0","2016","1993","Notre Dame","82","245"
"254","Vince Carter","3230","3248","Memphis Grizzlies","MEM","29","Shooting Guard","2","15","18","1998","1977","North Carolina","78","220"
"255","Zach Randolph","3512","3531","Memphis Grizzlies","MEM","29","Power Forward","6","50","15","2001","1981","Michigan State","81","260"
"256","Tony Allen","172922","3842","Memphis Grizzlies","MEM","29","Small Forward","5","9","12","2004","1982","Oklahoma State","76","213"
"257","Mike Conley","329468","4246","Memphis Grizzlies","MEM","29","Point Guard","1","11","9","2007","1987","Ohio State","73","175"
"258","Brandan Wright","329675","4286","Memphis Grizzlies","MEM","29","Power Forward","6","34","8","2007","1987","North Carolina","82","240"
"259","Marc Gasol","393441","4325","Memphis Grizzlies","MEM","29","Center","9","33","8","2008","1985","None","85","265"
"260","Chandler Parsons","400599","4920","Memphis Grizzlies","MEM","29","Small Forward","5","25","5","2011","1988","Florida","82","230"
"261","Tony Wroten","607544","5059","Memphis Grizzlies","MEM","29","Point Guard","1","5","4","2012","1993","Washington","78","205"
"262","James Ennis","602135","5220","Memphis Grizzlies","MEM","29","Shooting Guard","2","8","2","2014","1990","Long Beach State","79","210"
"263","JaMychal Green","460833","5262","Memphis Grizzlies","MEM","29","Power Forward","6","0","2","2014","1990","Alabama","81","235"
"264","Troy Daniels","513526","5282","Memphis Grizzlies","MEM","29","Point Guard","1","30","3","2013","1991","Virginia Commonwealth","76","204"
"265","D.J. Stephens","524963","5290","Memphis Grizzlies","MEM","29","Small Forward","5","20","1","2013","1990","Memphis","77","188"
"266","Jordan Adams","697719","5333","Memphis Grizzlies","MEM","29","Shooting Guard","2","3","2","2014","1994","UCLA","77","209"
"267","Jarell Martin","744245","5485","Memphis Grizzlies","MEM","29","Power Forward","6","1","1","2015","1994","LSU","82","235"
"268","Andrew Harrison","786409","5504","Memphis Grizzlies","MEM","29","Point Guard","1","5","0","2016","1994","Kentucky","78","210"
"269","Xavier Munford","697173","5599","Memphis Grizzlies","MEM","29","Shooting Guard","2","14","1","2015","1992","Rhode Island","74","180"
"270","Wade Baldwin IV","845888","5648","Memphis Grizzlies","MEM","29","Point Guard","1","4","0","2016","1996","Vanderbilt","75","194"
"271","Deyonta Davis","891177","5662","Memphis Grizzlies","MEM","29","Power Forward","6","23","0","2016","1996","Michigan State","82","240"
"272","Rade Zagorac","920094","5666","Memphis Grizzlies","MEM","29","Small Forward","5","56","0","2016","1995","None","81","205"
"273","Wang Zhelin","679408","5688","Memphis Grizzlies","MEM","29","Center","9","27","0","2016","1994","None","84","251"
"274","Wayne Selden Jr.","794506","5708","Memphis Grizzlies","MEM","29","Shooting Guard","2","7","0","2016","1994","Kansas","77","230"
"275","Troy Williams","786399","5709","Memphis Grizzlies","MEM","29","Power Forward","6","10","0","2016","1994","Indiana","79","215"
"276","Chris Bosh","172631","3707","Miami Heat","MIA","14","Power Forward","6","1","13","2003","1984","Georgia Tech","83","235"
"277","Udonis Haslem","226806","3765","Miami Heat","MIA","14","Power Forward","6","40","13","2003","1980","Florida","80","235"
"278","Beno Udrih","254007","3845","Miami Heat","MIA","14","Point Guard","1","19","12","2004","1982","None","75","205"
"279","Josh McRoberts","295927","4314","Miami Heat","MIA","14","Power Forward","6","4","9","2007","1987","Duke","82","240"
"280","Goran Dragic","456456","4507","Miami Heat","MIA","14","Point Guard","1","7","8","2008","1986","None","75","190"
"281","James Johnson","398037","4621","Miami Heat","MIA","14","Small Forward","5","16","7","2009","1987","Wake Forest","81","238"
"282","Wayne Ellington","329670","4633","Miami Heat","MIA","14","Shooting Guard","2","2","7","2009","1987","North Carolina","76","200"
"283","Luke Babbitt","462071","4731","Miami Heat","MIA","14","Small Forward","5","5","6","2010","1989","Nevada","81","217"
"284","Hassan Whiteside","513234","4764","Miami Heat","MIA","14","Center","9","21","4","2010","1989","Marshall","84","235"
"285","Derrick Williams","509168","4883","Miami Heat","MIA","14","Small Forward","5","22","5","2011","1991","Arizona","80","240"
"286","Dion Waiters","552007","5010","Miami Heat","MIA","14","Shooting Guard","2","11","4","2012","1991","Syracuse","76","225"
"287","Willie Reed","469333","5146","Miami Heat","MIA","14","Power Forward","6","35","2","2013","1990","Saint Louis","83","235"
"288","Rodney McGruder","506103","5270","Miami Heat","MIA","14","Shooting Guard","2","17","0","2016","1991","Kansas State","76","205"
"289","Tyler Johnson","571786","5376","Miami Heat","MIA","14","Shooting Guard","2","8","2","2014","1992","Fresno State","76","190"
"290","Justise Winslow","842298","5470","Miami Heat","MIA","14","Small Forward","5","20","1","2015","1996","Duke","79","225"
"291","Josh Richardson","604288","5500","Miami Heat","MIA","14","Shooting Guard","2","0","1","2015","1993","Tennessee","78","200"
"292","Briante Weber","609816","5593","Miami Heat","MIA","14","Point Guard","1","12","1","2015","1992","Virginia Commonwealth","74","165"
"293","Okaro White","552199","5697","Miami Heat","MIA","14","Power Forward","6","16","0","2016","1992","Florida State","80","204"
"294","Stefan Jankovic","696955","5723","Miami Heat","MIA","14","Power Forward","6","29","0","2016","1993","Hawaii","83","235"
"295","Jason Terry","3315","3333","Milwaukee Bucks","MIL","15","Point Guard","1","3","17","1999","1977","Arizona","74","185"
"296","Steve Novak","172571","4160","Milwaukee Bucks","MIL","15","Small Forward","5","6","10","2006","1983","Marquette","82","225"
"297","Greg Monroe","467468","4722","Milwaukee Bucks","MIL","15","Center","9","15","6","2010","1990","Georgetown","83","250"
"298","Xavier Henry","513058","4727","Milwaukee Bucks","MIL","15","Shooting Guard","2","7","5","2010","1991","Kansas","78","220"
"299","John Henson","502871","5020","Milwaukee Bucks","MIL","15","Power Forward","6","31","4","2012","1990","North Carolina","83","230"
"300","Miles Plumlee","467271","5060","Milwaukee Bucks","MIL","15","Center","9","18","4","2012","1988","Duke","83","255"
"301","Orlando Johnson","411428","5070","Milwaukee Bucks","MIL","15","Small Forward","5","0","3","2012","1989","UC-Santa Barbara","77","225"
"302","Khris Middleton","512053","5073","Milwaukee Bucks","MIL","15","Shooting Guard","2","22","4","2012","1991","Texas A&M","79","225"
"303","Mirza Teletovic","639311","5095","Milwaukee Bucks","MIL","15","Small Forward","5","35","4","2012","1985","None","81","242"
"304","Michael Carter-Williams","609790","5162","Milwaukee Bucks","MIL","15","Point Guard","1","5","3","2013","1991","Syracuse","78","190"
"305","Giannis Antetokounmpo","739957","5185","Milwaukee Bucks","MIL","15","Small Forward","5","34","3","2013","1994","None","83","217"
"306","Matthew Dellavedova","531447","5249","Milwaukee Bucks","MIL","15","Point Guard","1","8","3","2013","1990","Saint Mary's","76","200"
"307","Jabari Parker","756880","5293","Milwaukee Bucks","MIL","15","Power Forward","6","12","2","2014","1995","Duke","80","240"
"308","Tyler Ennis","786387","5329","Milwaukee Bucks","MIL","15","Point Guard","1","11","2","2014","1994","Syracuse","72","175"
"309","Rashad Vaughn","847010","5477","Milwaukee Bucks","MIL","15","Shooting Guard","2","20","1","2015","1996","UNLV","78","210"
"310","JJ O'Brien","562038","5533","Milwaukee Bucks","MIL","15","Small Forward","5","22","1","2015","1992","San Diego State","79","228"
"311","Thon Maker","920067","5641","Milwaukee Bucks","MIL","15","Power Forward","6","7","0","2016","1997","None","85","215"
"312","Malcolm Brogdon","601146","5667","Milwaukee Bucks","MIL","15","Shooting Guard","2","13","0","2016","1992","Virginia","77","215"
"313","Kevin Garnett","2989","3007","Minnesota Timberwolves","MIN","16","Power Forward","6","21","21","1995","1976","None","83","253"
"314","John Lucas III","65759","4052","Minnesota Timberwolves","MIN","16","Point Guard","1","24","7","2005","1982","Oklahoma State","71","166"
"315","Brandon Rush","303807","4475","Minnesota Timberwolves","MIN","16","Shooting Guard","2","4","8","2008","1985","Kansas","78","210"
"316","Nikola Pekovic","456452","4493","Minnesota Timberwolves","MIN","16","Center","9","14","6","2010","1986","None","83","295"
"317","Ricky Rubio","503689","4610","Minnesota Timberwolves","MIN","16","Point Guard","1","9","5","2011","1990","None","76","192"
"318","Jordan Hill","329711","4613","Minnesota Timberwolves","MIN","16","Power Forward","6","27","7","2009","1987","Arizona","82","235"
"319","Cole Aldrich","398443","4726","Minnesota Timberwolves","MIN","16","Center","9","45","6","2010","1988","Kansas","83","245"
"320","Nemanja Bjelica","550431","4766","Minnesota Timberwolves","MIN","16","Power Forward","6","88","1","2015","1988","None","82","234"
"321","Shabazz Muhammad","697722","5165","Minnesota Timberwolves","MIN","16","Small Forward","5","15","3","2013","1992","UCLA","78","227"
"322","Gorgui Dieng","553158","5191","Minnesota Timberwolves","MIN","16","Power Forward","6","5","3","2013","1990","Louisville","83","233"
"323","Toure' Murry","470273","5248","Minnesota Timberwolves","MIN","16","Shooting Guard","2","4","2","2013","1989","Wichita State","77","194"
"324","Andrew Wiggins","794503","5292","Minnesota Timberwolves","MIN","16","Shooting Guard","2","22","2","2014","1995","Kansas","80","200"
"325","Zach LaVine","743777","5324","Minnesota Timberwolves","MIN","16","Point Guard","1","8","2","2014","1995","UCLA","77","183"
"326","Adreian Payne","553607","5326","Minnesota Timberwolves","MIN","16","Power Forward","6","33","2","2014","1991","Michigan State","82","240"
"327","Karl-Anthony Towns","837030","5432","Minnesota Timberwolves","MIN","16","Center","9","32","1","2015","1995","Kentucky","83","250"
"328","Tyus Jones","842297","5484","Minnesota Timberwolves","MIN","16","Point Guard","1","1","1","2015","1996","Duke","73","190"
"329","Kris Dunn","698968","5636","Minnesota Timberwolves","MIN","16","Point Guard","1","19","0","2016","1994","Providence","76","220"
"330","Alexis Ajinca","456449","4482","New Orleans Pelicans","NO","3","Center","9","42","6","2008","1988","None","84","248"
"331","Omer Asik","456453","4499","New Orleans Pelicans","NO","3","Center","9","3","6","2010","1986","None","84","255"
"332","Tyreke Evans","464841","4564","New Orleans Pelicans","NO","3","Shooting Guard","2","1","7","2009","1989","Memphis","78","220"
"333","Jrue Holiday","457576","4622","New Orleans Pelicans","NO","3","Point Guard","1","11","7","2009","1990","UCLA","76","205"
"334","Dante Cunningham","295799","4638","New Orleans Pelicans","NO","3","Small Forward","5","44","7","2009","1987","Villanova","80","221"
"335","Quincy Pondexter","329825","4757","New Orleans Pelicans","NO","3","Small Forward","5","20","5","2010","1988","Washington","79","220"
"336","Lance Stephenson","511057","4771","New Orleans Pelicans","NO","3","Small Forward","5","1","6","2010","1990","Cincinnati","77","230"
"337","E'Twaun Moore","398424","4937","New Orleans Pelicans","NO","3","Shooting Guard","2","55","5","2011","1989","Purdue","76","205"
"338","Anthony Davis","603096","5007","New Orleans Pelicans","NO","3","Power Forward","6","23","4","2012","1993","Kentucky","82","220"
"339","Terrence Jones","553573","5024","New Orleans Pelicans","NO","3","Power Forward","6","14","4","2012","1992","Kentucky","81","252"
"340","Robert Sacre","400617","5094","New Orleans Pelicans","NO","3","Center","9","50","4","2012","1989","Gonzaga","84","270"
"341","Chris Copeland","174092","5096","New Orleans Pelicans","NO","3","Power Forward","6","9","4","2012","1984","Colorado","80","230"
"342","Solomon Hill","509169","5193","New Orleans Pelicans","NO","3","Small Forward","5","40","3","2013","1991","Arizona","79","225"
"343","Langston Galloway","551321","5388","New Orleans Pelicans","NO","3","Shooting Guard","2","21","2","2014","1991","St. Joseph's","74","200"
"344","Tim Frazier","513606","5414","New Orleans Pelicans","NO","3","Point Guard","1","2","2","2014","1990","Penn State","73","180"
"345","Buddy Hield","697086","5637","New Orleans Pelicans","NO","3","Shooting Guard","2","6","0","2016","1993","Oklahoma","76","214"
"346","Cheick Diallo","887902","5664","New Orleans Pelicans","NO","3","Power Forward","6","36","0","2016","1996","Kansas","81","220"
"347","Shawn Dawson","953956","5724","New Orleans Pelicans","NO","3","Small Forward","5","53","0","2016","1993","None","78","195"
"348","Carmelo Anthony","172890","3706","New York Knicks","NY","18","Small Forward","5","7","13","2003","1984","Syracuse","80","235"
"349","Sasha Vujacic","254006","3844","New York Knicks","NY","18","Shooting Guard","2","18","9","2004","1984","None","79","193"
"350","Joakim Noah","263220","4287","New York Knicks","NY","18","Center","9","13","9","2007","1985","Florida","83","232"
"351","Derrick Rose","399612","4387","New York Knicks","NY","18","Point Guard","1","25","7","2008","1988","Memphis","75","190"
"352","Courtney Lee","276755","4484","New York Knicks","NY","18","Shooting Guard","2","5","8","2008","1985","Western Kentucky","77","200"
"353","Brandon Jennings","478196","4615","New York Knicks","NY","18","Point Guard","1","3","7","2009","1989","None","73","169"
"354","Lance Thomas","329890","4966","New York Knicks","NY","18","Small Forward","5","42","5","2011","1988","Duke","80","225"
"355","Kyle O'Quinn","483372","5083","New York Knicks","NY","18","Power Forward","6","9","4","2012","1990","Norfolk State","82","240"
"356","Justin Holiday","395365","5142","New York Knicks","NY","18","Shooting Guard","2","17","3","2012","1989","Washington","78","185"
"357","Cleanthony Early","707829","5345","New York Knicks","NY","18","Small Forward","5","11","2","2014","1991","Wichita State","80","220"
"358","Kristaps Porzingis","877869","5464","New York Knicks","NY","18","Power Forward","6","6","1","2015","1995","None","87","233"
"359","Guillermo Hernangomez","840567","5495","New York Knicks","NY","18","Center","9","51","0","2016","1994","None","83","243"
"360","J.P. Tokoto","697030","5518","New York Knicks","NY","18","Small Forward","5","23","0","2016","1993","North Carolina","78","200"
"361","Maurice Ndour","793447","5530","New York Knicks","NY","18","Power Forward","6","10","0","2016","1992","Ohio","81","200"
"362","Marshall Plumlee","601143","5692","New York Knicks","NY","18","Center","9","40","0","2016","1992","Duke","84","250"
"363","Mindaugas Kuzminskas","639284","5694","New York Knicks","NY","18","Small Forward","5","43","0","2016","1989","None","81","216"
"364","Ron Baker","618971","5704","New York Knicks","NY","18","Shooting Guard","2","37","0","2016","1993","Wichita State","76","210"
"365","Chasson Randle","603948","5706","New York Knicks","NY","18","Point Guard","1","12","0","2016","1993","Stanford","74","185"
"366","Nick Collison","57819","3715","Oklahoma City Thunder","OKC","25","Center","9","4","12","2003","1980","Kansas","82","255"
"367","Ersan Ilyasova","292396","3962","Oklahoma City Thunder","OKC","25","Power Forward","6","7","8","2005","1987","None","82","235"
"368","Ronnie Price","76032","3990","Oklahoma City Thunder","OKC","25","Point Guard","1","14","11","2005","1983","Utah Valley University","74","190"
"369","Russell Westbrook","329830","4390","Oklahoma City Thunder","OKC","25","Point Guard","1","0","8","2008","1988","UCLA","75","200"
"370","Anthony Morrow","263899","4527","Oklahoma City Thunder","OKC","25","Shooting Guard","2","2","8","2008","1985","Georgia Tech","78","210"
"371","Enes Kanter","553574","4899","Oklahoma City Thunder","OKC","25","Center","9","11","5","2011","1992","Kentucky","83","245"
"372","Kyle Singler","398428","4915","Oklahoma City Thunder","OKC","25","Small Forward","5","5","4","2012","1988","Duke","80","228"
"373","Victor Oladipo","553166","5153","Oklahoma City Thunder","OKC","25","Shooting Guard","2","5","3","2013","1992","Indiana","76","210"
"374","Steven Adams","679478","5163","Oklahoma City Thunder","OKC","25","Center","9","12","3","2013","1993","Pittsburgh","84","255"
"375","Andre Roberson","548635","5196","Oklahoma City Thunder","OKC","25","Shooting Guard","2","21","3","2013","1991","Colorado","79","210"
"376","√Ålex Abrines","739963","5202","Oklahoma City Thunder","OKC","25","Shooting Guard","2","8","0","2016","1993","None","78","190"
"377","Joffrey Lauvergne","739968","5225","Oklahoma City Thunder","OKC","25","Center","9","77","2","2014","1991","None","83","220"
"378","Mitch McGary","698982","5332","Oklahoma City Thunder","OKC","25","Power Forward","6","9","2","2014","1992","Michigan","82","255"
"379","Josh Huestis","552307","5340","Oklahoma City Thunder","OKC","25","Small Forward","5","34","1","2015","1991","Stanford","79","230"
"380","Semaj Christon","660282","5366","Oklahoma City Thunder","OKC","25","Point Guard","1","22","0","2016","1992","Xavier","75","190"
"381","Cameron Payne","792338","5474","Oklahoma City Thunder","OKC","25","Point Guard","1","22","1","2015","1994","Murray State","74","180"
"382","Domantas Sabonis","850111","5642","Oklahoma City Thunder","OKC","25","Power Forward","6","31","0","2016","1996","Gonzaga","83","240"
"383","Daniel Hamilton","848283","5687","Oklahoma City Thunder","OKC","25","Small Forward","5","26","0","2016","1995","Connecticut","79","195"
"384","Jeff Green","266367","4247","Orlando Magic","ORL","19","Small Forward","5","34","8","2007","1986","Georgetown","81","235"
"385","C.J. Watson","174025","4354","Orlando Magic","ORL","19","Point Guard","1","32","9","2007","1984","Tennessee","74","175"
"386","D.J. Augustin","329524","4471","Orlando Magic","ORL","19","Point Guard","1","14","8","2008","1987","Texas","72","183"
"387","Serge Ibaka","456450","4486","Orlando Magic","ORL","19","Power Forward","6","7","7","2009","1989","None","82","245"
"388","Jodie Meeks","329862","4646","Orlando Magic","ORL","19","Shooting Guard","2","20","7","2009","1987","Kentucky","76","210"
"389","Bismack Biyombo","599797","4888","Orlando Magic","ORL","19","Center","9","11","5","2011","1992","None","81","255"
"390","Nikola Vucevic","457598","4897","Orlando Magic","ORL","19","Center","9","9","5","2011","1990","USC","84","260"
"391","Evan Fournier","659767","5054","Orlando Magic","ORL","19","Shooting Guard","2","10","4","2012","1992","None","79","205"
"392","Kevin Murphy","477339","5081","Orlando Magic","ORL","19","Point Guard","1","55","1","2012","1990","Tennessee Tech","79","185"
"393","Arinze Onuaku","296950","5240","Orlando Magic","ORL","19","Power Forward","6","21","2","2013","1987","Syracuse","82","275"
"394","Aaron Gordon","748788","5295","Orlando Magic","ORL","19","Power Forward","6","00","2","2014","1995","Arizona","81","220"
"395","Elfrid Payton","608661","5321","Orlando Magic","ORL","19","Point Guard","1","4","2","2014","1994","Louisiana-Lafayette","76","185"
"396","C.J. Wilcox","509350","5339","Orlando Magic","ORL","19","Shooting Guard","2","23","2","2014","1990","Washington","77","195"
"397","Nick Johnson","602418","5353","Orlando Magic","ORL","19","Shooting Guard","2","13","1","2014","1992","Arizona","75","200"
"398","Damjan Rudez","833017","5372","Orlando Magic","ORL","19","Small Forward","5","3","2","2014","1986","None","82","230"
"399","Mario Hezonja","840595","5465","Orlando Magic","ORL","19","Shooting Guard","2","23","1","2015","1995","None","80","218"
"400","Branden Dawson","609448","5516","Orlando Magic","ORL","19","Small Forward","5","22","1","2015","1993","Michigan State","78","225"
"401","Cliff Alexander","843227","5531","Orlando Magic","ORL","19","Power Forward","6","2","1","2015","1995","Kansas","80","245"
"402","Stephen Zimmerman Jr.","892930","5672","Orlando Magic","ORL","19","Power Forward","6","33","0","2016","1996","UNLV","84","240"
"403","Elton Brand","3306","3324","Philadelphia 76ers","PHI","20","Center","9","42","17","1999","1979","Duke","81","254"
"404","Sergio Rodr√≠guez","329189","4155","Philadelphia 76ers","PHI","20","Point Guard","1","13","4","2006","1986","None","75","176"
"405","Carl Landry","263028","4309","Philadelphia 76ers","PHI","20","Power Forward","6","7","9","2007","1983","Purdue","81","248"
"406","Jerryd Bayless","395391","4473","Philadelphia 76ers","PHI","20","Point Guard","1","0","8","2008","1988","Arizona","75","200"
"407","Gerald Henderson","329887","4617","Philadelphia 76ers","PHI","20","Shooting Guard","2","19","7","2009","1987","Duke","77","215"
"408","Tibor Pleiss","550428","4762","Philadelphia 76ers","PHI","20","Center","9","38","1","2015","1989","None","87","262"
"409","Hollis Thompson","513268","5106","Philadelphia 76ers","PHI","20","Shooting Guard","2","31","3","2013","1991","Georgetown","80","206"
"410","Nerlens Noel","699947","5157","Philadelphia 76ers","PHI","20","Power Forward","6","4","2","2013","1994","Kentucky","82","228"
"411","Robert Covington","525052","5253","Philadelphia 76ers","PHI","20","Small Forward","5","33","3","2013","1990","Tennessee State","81","215"
"412","Joel Embiid","794508","5294","Philadelphia 76ers","PHI","20","Center","9","21","0","2014","1994","Kansas","84","250"
"413","Nik Stauskas","698985","5319","Philadelphia 76ers","PHI","20","Shooting Guard","2","11","2","2014","1993","Michigan","78","205"
"414","Dario Saric","830641","5323","Philadelphia 76ers","PHI","20","Power Forward","6","9","0","2016","1994","None","82","225"
"415","Jerami Grant","699826","5350","Philadelphia 76ers","PHI","20","Small Forward","5","39","2","2014","1994","Syracuse","80","210"
"416","Jahlil Okafor","842301","5434","Philadelphia 76ers","PHI","20","Center","9","8","1","2015","1995","Duke","83","275"
"417","Richaun Holmes","695069","5497","Philadelphia 76ers","PHI","20","Power Forward","6","22","1","2015","1993","Bowling Green","80","245"
"418","T.J. McConnell","551787","5582","Philadelphia 76ers","PHI","20","Point Guard","1","12","1","2015","1992","Arizona","73","200"
"419","Ben Simmons","886391","5600","Philadelphia 76ers","PHI","20","Small Forward","5","1","0","2016","1996","LSU","82","240"
"420","Timothe Luwawu","920091","5655","Philadelphia 76ers","PHI","20","Shooting Guard","2","24","0","2016","1995","None","79","205"
"421","Furkan Korkmaz","920092","5657","Philadelphia 76ers","PHI","20","Shooting Guard","2","26","0","2016","1997","None","79","185"
"422","Brandon Paul","511630","5701","Philadelphia 76ers","PHI","20","Shooting Guard","2","40","0","2016","1991","Illinois","76","200"
"423","Anthony Barber","740397","5713","Philadelphia 76ers","PHI","20","Point Guard","1","37","0","2016","1994","North Carolina State","74","190"
"424","Shawn Long","603109","5725","Philadelphia 76ers","PHI","20","Small Forward","5","58","0","2016","1993","Louisiana-Lafayette","83","246"
"425","James Webb III","795776","5731","Philadelphia 76ers","PHI","20","Small Forward","5","45","0","2016","1993","Boise State","81","202"
"426","Tyson Chandler","3493","3512","Phoenix Suns","PHO","21","Center","9","4","15","2001","1982","None","85","240"
"427","Leandro Barbosa","214163","3731","Phoenix Suns","PHO","21","Point Guard","1","19","13","2003","1982","None","75","194"
"428","P.J. Tucker","229602","4163","Phoenix Suns","PHO","21","Small Forward","5","17","5","2006","1985","Texas","78","260"
"429","Jared Dudley","241712","4300","Phoenix Suns","PHO","21","Small Forward","5","3","9","2007","1985","Boston College","79","225"
"430","Eric Bledsoe","509449","4749","Phoenix Suns","PHO","21","Point Guard","1","2","6","2010","1989","Kentucky","73","190"
"431","Brandon Knight","553575","4889","Phoenix Suns","PHO","21","Point Guard","1","3","5","2011","1991","Kentucky","75","189"
"432","John Jenkins","509472","5057","Phoenix Suns","PHO","21","Shooting Guard","2","23","4","2012","1991","Vanderbilt","76","215"
"433","Alex Len","616982","5156","Phoenix Suns","PHO","21","Center","9","21","3","2013","1993","Maryland","85","260"
"434","Archie Goodwin","699948","5199","Phoenix Suns","PHO","21","Shooting Guard","2","20","3","2013","1994","Kentucky","77","200"
"435","T.J. Warren","660085","5325","Phoenix Suns","PHO","21","Small Forward","5","12","2","2014","1993","North Carolina State","80","230"
"436","Devin Booker","845564","5473","Phoenix Suns","PHO","21","Shooting Guard","2","1","1","2015","1996","Kentucky","78","206"
"437","Alan Williams","607118","5598","Phoenix Suns","PHO","21","Power Forward","6","15","1","2015","1993","UC-Santa Barbara","80","262"
"438","Dragan Bender","920066","5635","Phoenix Suns","PHO","21","Power Forward","6","35","0","2016","1997","None","85","225"
"439","Marquese Chriss","884141","5639","Phoenix Suns","PHO","21","Power Forward","6","0","0","2016","1997","Washington","81","225"
"440","Tyler Ulis","845574","5665","Phoenix Suns","PHO","21","Point Guard","1","8","0","2016","1996","Kentucky","69","160"
"441","Greg Stiemsma","263025","4714","Portland Trail Blazers","POR","22","Center","9","34","4","2009","1985","Wisconsin","83","237"
"442","Evan Turner","398068","4717","Portland Trail Blazers","POR","22","Shooting Guard","2","1","6","2010","1988","Ohio State","79","216"
"443","Al-Farouq Aminu","457688","4723","Portland Trail Blazers","POR","22","Small Forward","5","8","6","2010","1990","Wake Forest","81","220"
"444","Ed Davis","462458","4728","Portland Trail Blazers","POR","22","Power Forward","6","17","6","2010","1989","North Carolina","82","225"
"445","Damian Lillard","463121","5012","Portland Trail Blazers","POR","22","Point Guard","1","0","4","2012","1990","Weber State","75","195"
"446","Meyers Leonard","550131","5017","Portland Trail Blazers","POR","22","Center","9","11","4","2012","1992","Illinois","85","255"
"447","Maurice Harkless","609843","5021","Portland Trail Blazers","POR","22","Small Forward","5","4","4","2012","1993","St. John's","81","220"
"448","Festus Ezeli","417020","5064","Portland Trail Blazers","POR","22","Center","9","31","3","2012","1989","Vanderbilt","83","265"
"449","C.J. McCollum","522878","5161","Portland Trail Blazers","POR","22","Shooting Guard","2","3","3","2013","1991","Lehigh","75","190"
"450","Mason Plumlee","510790","5192","Portland Trail Blazers","POR","22","Center","9","24","3","2013","1990","Duke","83","245"
"451","Allen Crabbe","548610","5201","Portland Trail Blazers","POR","22","Shooting Guard","2","23","3","2013","1992","California","78","215"
"452","Grant Jerrett","696047","5210","Portland Trail Blazers","POR","22","Power Forward","6","17","1","2013","1993","Arizona","82","232"
"453","Noah Vonleh","786397","5320","Portland Trail Blazers","POR","22","Power Forward","6","21","2","2014","1995","Indiana","82","245"
"454","Shabazz Napier","552982","5335","Portland Trail Blazers","POR","22","Point Guard","1","13","2","2014","1991","Connecticut","73","175"
"455","Pat Connaughton","601514","5501","Portland Trail Blazers","POR","22","Small Forward","5","5","1","2015","1993","Notre Dame","77","210"
"456","Luis Montero","879539","5521","Portland Trail Blazers","POR","22","Small Forward","5","44","1","2015","1993","Westchester (NY) CC","79","190"
"457","Jake Layman","698664","5678","Portland Trail Blazers","POR","22","Power Forward","6","37","0","2016","1994","Maryland","81","220"
"458","Tim Quarterman","745827","5703","Portland Trail Blazers","POR","22","Point Guard","1","28","0","2016","1994","LSU","78","190"
"459","Matt Barnes","168051","3643","Sacramento Kings","SAC","23","Small Forward","5","22","13","2003","1980","UCLA","79","226"
"460","Rudy Gay","266358","4136","Sacramento Kings","SAC","23","Small Forward","5","8","10","2006","1986","Connecticut","80","230"
"461","Jordan Farmar","263231","4154","Sacramento Kings","SAC","23","Point Guard","1","20","9","2006","1986","UCLA","74","180"
"462","Arron Afflalo","263229","4305","Sacramento Kings","SAC","23","Shooting Guard","2","40","9","2007","1985","UCLA","77","215"
"463","Anthony Tolliver","229905","4371","Sacramento Kings","SAC","23","Power Forward","6","43","8","2008","1985","Creighton","80","240"
"464","Kosta Koufos","398066","4485","Sacramento Kings","SAC","23","Center","9","41","8","2008","1989","Ohio State","84","265"
"465","Ty Lawson","329672","4623","Sacramento Kings","SAC","23","Point Guard","1","10","7","2009","1987","North Carolina","71","195"
"466","Darren Collison","295432","4626","Sacramento Kings","SAC","23","Point Guard","1","7","7","2009","1987","UCLA","72","175"
"467","Omri Casspi","503779","4628","Sacramento Kings","SAC","23","Small Forward","5","18","7","2009","1988","None","81","225"
"468","Garrett Temple","263903","4682","Sacramento Kings","SAC","23","Shooting Guard","2","17","6","2009","1986","LSU","78","195"
"469","DeMarcus Cousins","509450","4720","Sacramento Kings","SAC","23","Power Forward","6","15","6","2010","1990","Kentucky","83","270"
"470","Ben McLemore","604898","5158","Sacramento Kings","SAC","23","Shooting Guard","2","23","3","2013","1993","Kansas","77","195"
"471","Lamar Patterson","504905","5359","Sacramento Kings","SAC","23","Shooting Guard","2","31","1","2015","1991","Pittsburgh","78","215"
"472","Willie Cauley-Stein","699950","5466","Sacramento Kings","SAC","23","Center","9","00","1","2015","1993","Kentucky","84","240"
"473","Duje Dukan","551959","5525","Sacramento Kings","SAC","23","Small Forward","5","26","1","2015","1991","Wisconsin","81","220"
"474","Georgios Papagiannis","920078","5644","Sacramento Kings","SAC","23","Center","9","13","0","2016","1997","None","86","250"
"475","Malachi Richardson","891081","5653","Sacramento Kings","SAC","23","Shooting Guard","2","5","0","2016","1996","Syracuse","78","205"
"476","Skal Labissiere","891349","5659","Sacramento Kings","SAC","23","Power Forward","6","3","0","2016","1996","Kentucky","83","225"
"477","Isaiah Cousins","697068","5690","Sacramento Kings","SAC","23","Shooting Guard","2","9","0","2016","1994","Oklahoma","76","200"
"478","Manu Ginobili","3361","3380","San Antonio Spurs","SA","24","Shooting Guard","2","20","14","2002","1977","None","78","205"
"479","Pau Gasol","3494","3513","San Antonio Spurs","SA","24","Center","9","16","15","2001","1980","None","84","250"
"480","Tony Parker","3508","3527","San Antonio Spurs","SA","24","Point Guard","1","9","15","2001","1982","None","74","185"
"481","David Lee","65840","3956","San Antonio Spurs","SA","24","Power Forward","6","42","11","2005","1983","Florida","81","245"
"482","LaMarcus Aldridge","266554","4130","San Antonio Spurs","SA","24","Power Forward","6","12","10","2006","1985","Texas","83","260"
"483","Danny Green","295922","4651","San Antonio Spurs","SA","24","Shooting Guard","2","14","7","2009","1987","North Carolina","78","215"
"484","Patty Mills","411562","4660","San Antonio Spurs","SA","24","Point Guard","1","8","7","2009","1988","Saint Mary's","72","185"
"485","Ryan Richards","550435","4780","San Antonio Spurs","SA","24","Power Forward","6","30","0","2016","1991","None","83","230"
"486","Kawhi Leonard","512591","4896","San Antonio Spurs","SA","24","Small Forward","5","2","5","2011","1991","San Diego State","79","230"
"487","Davis Bertans","599814","4926","San Antonio Spurs","SA","24","Small Forward","5","46","0","2016","1992","None","82","210"
"488","Dewayne Dedmon","606642","5256","San Antonio Spurs","SA","24","Center","9","3","3","2013","1989","USC","84","245"
"489","Kyle Anderson","697720","5341","San Antonio Spurs","SA","24","Small Forward","5","1","2","2014","1993","UCLA","81","230"
"490","Jonathon Simmons","553548","5526","San Antonio Spurs","SA","24","Small Forward","5","17","1","2015","1989","Houston","78","195"
"491","Dejounte Murray","884168","5660","San Antonio Spurs","SA","24","Point Guard","1","29","0","2016","1996","Washington","77","170"
"492","Ryan Arcidiacono","697940","5695","San Antonio Spurs","SA","24","Point Guard","1","37","0","2016","1994","Villanova","75","195"
"493","Patricio Garino","660254","5707","San Antonio Spurs","SA","24","Shooting Guard","2","47","0","2016","1993","George Washington","78","210"
"494","Bryn Forbes","699093","5726","San Antonio Spurs","SA","24","Point Guard","1","47","0","2016","1993","Michigan State","75","190"
"495","Kyle Lowry","266394","4152","Toronto Raptors","TOR","28","Point Guard","1","7","10","2006","1986","Villanova","73","196"
"496","DeMar DeRozan","457594","4614","Toronto Raptors","TOR","28","Shooting Guard","2","10","7","2009","1989","USC","79","221"
"497","DeMarre Carroll","262890","4632","Toronto Raptors","TOR","28","Small Forward","5","5","7","2009","1986","Missouri","80","215"
"498","Patrick Patterson","399599","4729","Toronto Raptors","TOR","28","Power Forward","6","54","6","2010","1989","Kentucky","81","230"
"499","Jonas Valanciunas","599780","4886","Toronto Raptors","TOR","28","Center","9","17","4","2012","1992","None","84","265"
"500","Cory Joseph","552805","4911","Toronto Raptors","TOR","28","Point Guard","1","6","5","2011","1991","Texas","75","193"
"501","Terrence Ross","550049","5014","Toronto Raptors","TOR","28","Shooting Guard","2","31","4","2012","1991","Washington","79","195"
"502","Jared Sullinger","552403","5055","Toronto Raptors","TOR","28","Center","9","50","4","2012","1992","Ohio State","81","280"
"503","Lucas Nogueira","639296","5186","Toronto Raptors","TOR","28","Center","9","92","2","2014","1992","None","84","220"
"504","E.J. Singler","509249","5242","Toronto Raptors","TOR","28","Small Forward","5","63","0","2016","1990","Oregon","78","215"
"505","Bruno Caboclo","830646","5331","Toronto Raptors","TOR","28","Small Forward","5","20","2","2014","1995","None","81","218"
"506","Drew Crawford","511647","5413","Toronto Raptors","TOR","28","Shooting Guard","2","1","0","2016","1990","Northwestern","77","209"
"507","Delon Wright","744102","5480","Toronto Raptors","TOR","28","Point Guard","1","55","1","2015","1992","Utah","77","190"
"508","Norman Powell","609861","5506","Toronto Raptors","TOR","28","Shooting Guard","2","24","1","2015","1993","UCLA","76","215"
"509","Jakob Poeltl","844478","5640","Toronto Raptors","TOR","28","Power Forward","6","9","0","2016","1995","Utah","84","248"
"510","Pascal Siakam","853408","5658","Toronto Raptors","TOR","28","Power Forward","6","27","0","2016","1994","New Mexico State","81","230"
"511","Jarrod Uthoff","606724","5705","Toronto Raptors","TOR","28","Power Forward","6","29","0","2016","1993","Iowa","82","221"
"512","Yanick Moreira","740343","5710","Toronto Raptors","TOR","28","Center","9","59","0","2016","1991","Southern Methodist","83","220"
"513","Fred VanVleet","707832","5727","Toronto Raptors","TOR","28","Point Guard","1","29","0","2016","1994","Wichita State","72","186"
"514","Joe Johnson","3501","3520","Utah Jazz","UTA","26","Small Forward","5","6","15","2001","1981","Arkansas","79","240"
"515","Boris Diaw","214157","3724","Utah Jazz","UTA","26","Power Forward","6","33","13","2003","1982","None","80","250"
"516","George Hill","277552","4488","Utah Jazz","UTA","26","Point Guard","1","3","8","2008","1986","IUPUI","75","192"
"517","Derrick Favors","502808","4718","Utah Jazz","UTA","26","Power Forward","6","15","6","2010","1991","Georgia Tech","82","262"
"518","Gordon Hayward","477667","4724","Utah Jazz","UTA","26","Small Forward","5","20","6","2010","1990","Butler","80","225"
"519","Alec Burks","512995","4893","Utah Jazz","UTA","26","Shooting Guard","2","10","5","2011","1991","Colorado","78","211"
"520","Shelvin Mack","477669","4916","Utah Jazz","UTA","26","Point Guard","1","8","5","2011","1990","Butler","75","203"
"521","Kendall Marshall","552334","5019","Utah Jazz","UTA","26","Point Guard","1","55","4","2012","1991","North Carolina","76","200"
"522","Chris Johnson","462745","5133","Utah Jazz","UTA","26","Small Forward","5","23","4","2012","1990","Dayton","78","201"
"523","Rudy Gobert","739960","5197","Utah Jazz","UTA","26","Center","9","27","3","2013","1992","None","85","245"
"524","Jeff Withey","457334","5209","Utah Jazz","UTA","26","Center","9","24","3","2013","1990","Kansas","84","222"
"525","Raul Neto","739966","5217","Utah Jazz","UTA","26","Point Guard","1","25","1","2015","1992","None","72","172"
"526","Dant√© Exum","830636","5316","Utah Jazz","UTA","26","Point Guard","1","11","1","2014","1995","None","78","190"
"527","Rodney Hood","603106","5334","Utah Jazz","UTA","26","Shooting Guard","2","5","2","2014","1992","Duke","80","215"
"528","Joe Ingles","553306","5393","Utah Jazz","UTA","26","Shooting Guard","2","2","2","2014","1987","None","80","216"
"529","Trey Lyles","845596","5472","Utah Jazz","UTA","26","Power Forward","6","41","1","2015","1995","Kentucky","82","241"
"530","Joel Bolomboy","679722","5683","Utah Jazz","UTA","26","Power Forward","6","22","0","2016","1994","Weber State","81","235"
"531","Marcus Paige","697021","5686","Utah Jazz","UTA","26","Point Guard","1","38","0","2016","1993","North Carolina","74","175"
"532","Tyrone Wallace","707852","5691","Utah Jazz","UTA","26","Shooting Guard","2","30","0","2016","1994","California","77","205"
"533","Quincy Ford","609868","5714","Utah Jazz","UTA","26","Small Forward","5","17","0","2016","1993","Northeastern","80","225"
"534","Drew Gooden","168010","3602","Washington Wizards","WAS","27","Power Forward","6","90","14","2002","1981","Kansas","82","250"
"535","Ian Mahinmi","292393","3954","Washington Wizards","WAS","27","Center","9","28","8","2007","1986","None","83","255"
"536","Marcin Gortat","292408","3983","Washington Wizards","WAS","27","Center","9","13","9","2007","1984","None","83","240"
"537","Jason Smith","263894","4298","Washington Wizards","WAS","27","Power Forward","6","14","8","2007","1986","Colorado State","84","240"
"538","Marcus Thornton","398590","4648","Washington Wizards","WAS","27","Small Forward","5","15","7","2009","1987","LSU","76","205"
"539","John Wall","509456","4716","Washington Wizards","WAS","27","Point Guard","1","2","6","2010","1990","Kentucky","76","195"
"540","Markieff Morris","469085","4894","Washington Wizards","WAS","27","Power Forward","6","5","5","2011","1989","Kansas","82","245"
"541","Bradley Beal","606912","5009","Washington Wizards","WAS","27","Shooting Guard","2","3","4","2012","1993","Florida","77","207"
"542","Andrew Nicholson","462970","5025","Washington Wizards","WAS","27","Power Forward","6","44","4","2012","1989","St. Bonaventure","81","250"
"543","Tomas Satoransky","659772","5066","Washington Wizards","WAS","27","Point Guard","1","6","0","2016","1991","None","79","210"
"544","Otto Porter","609256","5154","Washington Wizards","WAS","27","Small Forward","5","22","3","2013","1993","Georgetown","80","198"
"545","Trey Burke","605708","5160","Washington Wizards","WAS","27","Point Guard","1","31","3","2013","1992","Michigan","73","185"
"546","Jarell Eddie","552302","5419","Washington Wizards","WAS","27","Shooting Guard","2","8","1","2014","1991","Virginia Tech","79","218"
"547","Kelly Oubre Jr.","843271","5475","Washington Wizards","WAS","27","Small Forward","5","12","1","2015","1995","Kansas","79","205"
"548","Danuel House","692110","5728","Washington Wizards","WAS","27","Shooting Guard","2","43","0","2016","1993","Texas A&M","79","212"
"549","Sheldon McClellan","617257","5729","Washington Wizards","WAS","27","Shooting Guard","2","53","0","2016","1992","Miami (FL)","77","200"
"550","Daniel Ochefu","697949","5730","Washington Wizards","WAS","27","Center","9","57","0","2016","1993","Villanova","83","245"
