"","game_id","data_set","date","a1","a2","a3","a4","a5","h1","h2","h3","h4","h5","period","away_score","home_score","remaining_time","elapsed","play_length","play_id","team","event_type","assist","away","home","block","entered","left","num","opponent","outof","player","points","possession","reason","result","steal","type","shot_distance","original_x","original_y","converted_x","converted_y","description"
"3","=""0021500514""","2015-2016 Regular Season","2016-01-04","Tobias Harris","Channing Frye","Nikola Vucevic","Evan Fournier","Victor Oladipo","Marcus Morris","Ersan Ilyasova","Andre Drummond","Kentavious Caldwell-Pope","Reggie Jackson",1,0,0,"00:11:42","00:00:18","00:00:18",2,"DET","miss","","","","","","",NA,"",NA,"Marcus Morris",0,"","","missed","","Jump Shot",17,171,-1,42.1,89.1,"MISS Marc Morris 17' Jump Shot"
"5","=""0021500514""","2015-2016 Regular Season","2016-01-04","Tobias Harris","Channing Frye","Nikola Vucevic","Evan Fournier","Victor Oladipo","Marcus Morris","Ersan Ilyasova","Andre Drummond","Kentavious Caldwell-Pope","Reggie Jackson",1,0,0,"00:11:29","00:00:31","00:00:13",4,"DET","miss","","","","","","",NA,"",NA,"Andre Drummond",0,"","","missed","","Hook Shot",4,9,38,25.9,85.2,"MISS Drummond 4' Hook Shot"
"7","=""0021500514""","2015-2016 Regular Season","2016-01-04","Tobias Harris","Channing Frye","Nikola Vucevic","Evan Fournier","Victor Oladipo","Marcus Morris","Ersan Ilyasova","Andre Drummond","Kentavious Caldwell-Pope","Reggie Jackson",1,2,0,"00:11:06","00:00:54","00:00:23",6,"ORL","shot","Victor Oladipo","","","","","",NA,"",NA,"Nikola Vucevic",2,"","","made","","Jump Shot",7,-65,0,31.5,5,"Vucevic 7' Jump Shot (2 PTS) (Oladipo 1 AST)"
"8","=""0021500514""","2015-2016 Regular Season","2016-01-04","Tobias Harris","Channing Frye","Nikola Vucevic","Evan Fournier","Victor Oladipo","Marcus Morris","Ersan Ilyasova","Andre Drummond","Kentavious Caldwell-Pope","Reggie Jackson",1,2,2,"00:10:39","00:01:21","00:00:27",7,"DET","shot","Kentavious Caldwell-Pope","","","","","",NA,"",NA,"Ersan Ilyasova",2,"","","made","","Jump Shot",9,89,-1,33.9,89.1,"Ilyasova 9' Jump Shot (2 PTS) (Caldwell-Pope 1 AST)"
"10","=""0021500514""","2015-2016 Regular Season","2016-01-04","Tobias Harris","Channing Frye","Nikola Vucevic","Evan Fournier","Victor Oladipo","Marcus Morris","Ersan Ilyasova","Andre Drummond","Kentavious Caldwell-Pope","Reggie Jackson",1,2,4,"00:10:10","00:01:50","00:00:15",9,"DET","shot","","","","","","",NA,"",NA,"Reggie Jackson",2,"","","made","","Jump Shot",13,-74,101,17.6,78.9,"Jackson 13' Jump Shot (2 PTS)"
"11","=""0021500514""","2015-2016 Regular Season","2016-01-04","Tobias Harris","Channing Frye","Nikola Vucevic","Evan Fournier","Victor Oladipo","Marcus Morris","Ersan Ilyasova","Andre Drummond","Kentavious Caldwell-Pope","Reggie Jackson",1,4,4,"00:09:52","00:02:08","00:00:18",10,"ORL","shot","","","","","","",NA,"",NA,"Nikola Vucevic",2,"","","made","","Hook Shot",6,1,57,24.9,10.7,"Vucevic 6' Hook Shot (4 PTS)"
"12","=""0021500514""","2015-2016 Regular Season","2016-01-04","Tobias Harris","Channing Frye","Nikola Vucevic","Evan Fournier","Victor Oladipo","Marcus Morris","Ersan Ilyasova","Andre Drummond","Kentavious Caldwell-Pope","Reggie Jackson",1,4,4,"00:09:39","00:02:21","00:00:13",11,"DET","miss","","","","","","",NA,"",NA,"Ersan Ilyasova",0,"","","missed","","Jump Shot",25,-130,218,12,67.2,"MISS Ilyasova 25' 3PT Jump Shot"
"14","=""0021500514""","2015-2016 Regular Season","2016-01-04","Tobias Harris","Channing Frye","Nikola Vucevic","Evan Fournier","Victor Oladipo","Marcus Morris","Ersan Ilyasova","Andre Drummond","Kentavious Caldwell-Pope","Reggie Jackson",1,4,4,"00:09:20","00:02:40","00:00:19",13,"ORL","miss","","","","Reggie Jackson","","",NA,"",NA,"Nikola Vucevic",0,"","","missed","","Dunk",0,0,1,25,5.1,"MISS Vucevic  Dunk, Jackson BLOCK (1 BLK)"
"16","=""0021500514""","2015-2016 Regular Season","2016-01-04","Tobias Harris","Channing Frye","Nikola Vucevic","Evan Fournier","Victor Oladipo","Marcus Morris","Ersan Ilyasova","Andre Drummond","Kentavious Caldwell-Pope","Reggie Jackson",1,4,7,"00:09:09","00:02:51","00:00:09",15,"DET","shot","Ersan Ilyasova","","","","","",NA,"",NA,"Kentavious Caldwell-Pope",3,"","","made","","Jump Shot",26,-135,223,11.5,66.7,"Caldwell-Pope 26' 3PT Jump Shot (3 PTS) (Ilyasova 1 AST)"
"17","=""0021500514""","2015-2016 Regular Season","2016-01-04","Tobias Harris","Channing Frye","Nikola Vucevic","Evan Fournier","Victor Oladipo","Marcus Morris","Ersan Ilyasova","Andre Drummond","Kentavious Caldwell-Pope","Reggie Jackson",1,6,7,"00:08:48","00:03:12","00:00:21",16,"ORL","shot","Evan Fournier","","","","","",NA,"",NA,"Nikola Vucevic",2,"","","made","","Jump Shot",17,164,26,8.6,7.6,"Vucevic 17' Jump Shot (6 PTS) (Fournier 1 AST)"
"18","=""0021500514""","2015-2016 Regular Season","2016-01-04","Tobias Harris","Channing Frye","Nikola Vucevic","Evan Fournier","Victor Oladipo","Marcus Morris","Ersan Ilyasova","Andre Drummond","Kentavious Caldwell-Pope","Reggie Jackson",1,6,10,"00:08:30","00:03:30","00:00:18",17,"DET","shot","","","","","","",NA,"",NA,"Kentavious Caldwell-Pope",3,"","","made","","Jump Shot",25,228,92,47.8,79.8,"Caldwell-Pope 25' 3PT Jump Shot (6 PTS)"
"19","=""0021500514""","2015-2016 Regular Season","2016-01-04","Tobias Harris","Channing Frye","Nikola Vucevic","Evan Fournier","Victor Oladipo","Marcus Morris","Ersan Ilyasova","Andre Drummond","Kentavious Caldwell-Pope","Reggie Jackson",1,6,10,"00:08:17","00:03:43","00:00:13",18,"ORL","miss","","","","","","",NA,"",NA,"Evan Fournier",0,"","","missed","","Jump Shot",25,-228,101,47.8,15.1,"MISS Fournier 25' 3PT Jump Shot"
"22","=""0021500514""","2015-2016 Regular Season","2016-01-04","Tobias Harris","Channing Frye","Nikola Vucevic","Evan Fournier","Victor Oladipo","Marcus Morris","Ersan Ilyasova","Andre Drummond","Kentavious Caldwell-Pope","Reggie Jackson",1,6,10,"00:08:02","00:03:58","00:00:11",21,"ORL","miss","","","","","","",NA,"",NA,"Nikola Vucevic",0,"","","missed","","Dunk",0,0,1,25,5.1,"MISS Vucevic  Dunk"
"24","=""0021500514""","2015-2016 Regular Season","2016-01-04","Tobias Harris","Channing Frye","Nikola Vucevic","Evan Fournier","Victor Oladipo","Marcus Morris","Ersan Ilyasova","Andre Drummond","Kentavious Caldwell-Pope","Reggie Jackson",1,6,10,"00:07:55","00:04:05","00:00:06",23,"DET","miss","","","","Channing Frye","","",NA,"",NA,"Reggie Jackson",0,"","","missed","","Layup",3,-27,11,22.3,87.9,"Frye BLOCK (1 BLK), MISS Jackson 3' Layup"
"28","=""0021500514""","2015-2016 Regular Season","2016-01-04","Tobias Harris","Channing Frye","Nikola Vucevic","Evan Fournier","Victor Oladipo","Marcus Morris","Ersan Ilyasova","Andre Drummond","Kentavious Caldwell-Pope","Reggie Jackson",1,6,10,"00:07:41","00:04:19","00:00:09",26,"ORL","miss","","","","","","",NA,"",NA,"Tobias Harris",0,"","","missed","","Layup",2,20,-1,23,4.9,"MISS Harris 2' Layup"
"30","=""0021500514""","2015-2016 Regular Season","2016-01-04","Tobias Harris","Channing Frye","Nikola Vucevic","Evan Fournier","Victor Oladipo","Marcus Morris","Ersan Ilyasova","Andre Drummond","Kentavious Caldwell-Pope","Reggie Jackson",1,6,12,"00:07:35","00:04:25","00:00:05",28,"DET","shot","Marcus Morris","","","","","",NA,"",NA,"Andre Drummond",2,"","","made","","Alley Oop Dunk",0,0,1,25,88.9,"Drummond  Alley Oop Dunk (2 PTS) (Marc Morris 1 AST)"
"34","=""0021500514""","2015-2016 Regular Season","2016-01-04","Tobias Harris","Channing Frye","Nikola Vucevic","Evan Fournier","Victor Oladipo","Marcus Morris","Ersan Ilyasova","Andre Drummond","Kentavious Caldwell-Pope","Reggie Jackson",1,6,14,"00:07:00","00:05:00","00:00:08",32,"DET","shot","","","","","","",NA,"",NA,"Reggie Jackson",2,"","","made","","Jump Shot",12,-9,115,24.1,77.5,"Jackson 12' Jump Shot (4 PTS)"
"35","=""0021500514""","2015-2016 Regular Season","2016-01-04","Tobias Harris","Channing Frye","Nikola Vucevic","Evan Fournier","Victor Oladipo","Marcus Morris","Ersan Ilyasova","Andre Drummond","Kentavious Caldwell-Pope","Reggie Jackson",1,6,14,"00:06:41","00:05:19","00:00:19",33,"ORL","miss","","","","","","",NA,"",NA,"Channing Frye",0,"","","missed","","Jump Shot",26,155,213,9.5,26.3,"MISS Frye 26' 3PT Jump Shot"
"37","=""0021500514""","2015-2016 Regular Season","2016-01-04","Tobias Harris","Channing Frye","Nikola Vucevic","Evan Fournier","Victor Oladipo","Marcus Morris","Ersan Ilyasova","Andre Drummond","Kentavious Caldwell-Pope","Reggie Jackson",1,6,14,"00:06:28","00:05:32","00:00:12",35,"DET","miss","","","","","","",NA,"",NA,"Ersan Ilyasova",0,"","","missed","","Jump Shot",25,-97,232,15.3,65.8,"MISS Ilyasova 25' 3PT Jump Shot"
"43","=""0021500514""","2015-2016 Regular Season","2016-01-04","Tobias Harris","Channing Frye","Nikola Vucevic","Evan Fournier","Victor Oladipo","Marcus Morris","Ersan Ilyasova","Andre Drummond","Kentavious Caldwell-Pope","Reggie Jackson",1,6,17,"00:06:00","00:06:00","00:00:23",44,"ORL","miss","","","","","","",NA,"",NA,"Tobias Harris",0,"","","missed","","Jump Shot",8,-83,7,33.3,5.7,"MISS Harris 8' Jump Shot"
"45","=""0021500514""","2015-2016 Regular Season","2016-01-04","Tobias Harris","Channing Frye","Nikola Vucevic","Evan Fournier","Victor Oladipo","Marcus Morris","Ersan Ilyasova","Andre Drummond","Kentavious Caldwell-Pope","Reggie Jackson",1,6,19,"00:05:49","00:06:11","00:00:10",47,"DET","shot","Reggie Jackson","","","","","",NA,"",NA,"Andre Drummond",2,"","","made","","Hook Shot",6,58,7,30.8,88.3,"Drummond 6' Hook Shot (4 PTS) (Jackson 1 AST)"
"49","=""0021500514""","2015-2016 Regular Season","2016-01-04","Tobias Harris","Nikola Vucevic","Victor Oladipo","Shabazz Napier","Andrew Nicholson","Marcus Morris","Ersan Ilyasova","Andre Drummond","Kentavious Caldwell-Pope","Reggie Jackson",1,6,19,"00:05:28","00:06:32","00:00:18",53,"ORL","miss","","","","","","",NA,"",NA,"Nikola Vucevic",0,"","","missed","","Jump Shot",17,138,105,11.2,15.5,"MISS Vucevic 17' Jump Shot"
"51","=""0021500514""","2015-2016 Regular Season","2016-01-04","Tobias Harris","Nikola Vucevic","Victor Oladipo","Shabazz Napier","Andrew Nicholson","Marcus Morris","Ersan Ilyasova","Andre Drummond","Kentavious Caldwell-Pope","Reggie Jackson",1,6,21,"00:05:19","00:06:41","00:00:08",55,"DET","shot","Reggie Jackson","","","","","",NA,"",NA,"Andre Drummond",2,"","","made","","Alley Oop Dunk",0,0,1,25,88.9,"Drummond  Alley Oop Dunk (6 PTS) (Jackson 2 AST)"
"52","=""0021500514""","2015-2016 Regular Season","2016-01-04","Tobias Harris","Nikola Vucevic","Victor Oladipo","Shabazz Napier","Andrew Nicholson","Marcus Morris","Ersan Ilyasova","Andre Drummond","Kentavious Caldwell-Pope","Reggie Jackson",1,6,21,"00:05:02","00:06:58","00:00:17",56,"ORL","miss","","","","","","",NA,"",NA,"Victor Oladipo",0,"","","missed","","Jump Shot",20,-147,131,39.7,18.1,"MISS Oladipo 20' Jump Shot"
"54","=""0021500514""","2015-2016 Regular Season","2016-01-04","Tobias Harris","Nikola Vucevic","Victor Oladipo","Shabazz Napier","Andrew Nicholson","Marcus Morris","Ersan Ilyasova","Andre Drummond","Kentavious Caldwell-Pope","Reggie Jackson",1,6,21,"00:04:52","00:07:08","00:00:10",58,"DET","miss","","","","","","",NA,"",NA,"Marcus Morris",0,"","","missed","","Running Jump Shot",13,-119,47,13.1,84.3,"MISS Marc Morris 13' Running Jump Shot"
"56","=""0021500514""","2015-2016 Regular Season","2016-01-04","Tobias Harris","Nikola Vucevic","Victor Oladipo","Shabazz Napier","Andrew Nicholson","Marcus Morris","Ersan Ilyasova","Andre Drummond","Kentavious Caldwell-Pope","Reggie Jackson",1,8,21,"00:04:40","00:07:20","00:00:10",60,"ORL","shot","","","","","","",NA,"",NA,"Victor Oladipo",2,"","","made","","Layup",0,-1,-1,25.1,4.9,"Oladipo  Layup (2 PTS)"
"62","=""0021500514""","2015-2016 Regular Season","2016-01-04","Tobias Harris","Nikola Vucevic","Victor Oladipo","Shabazz Napier","Andrew Nicholson","Marcus Morris","Ersan Ilyasova","Andre Drummond","Reggie Jackson","Stanley Johnson",1,12,21,"00:04:00","00:08:00","00:00:22",66,"ORL","shot","Tobias Harris","","","","","",NA,"",NA,"Andrew Nicholson",3,"","","made","","Jump Shot",26,87,247,16.3,29.7,"Nicholson 26' 3PT Jump Shot (3 PTS) (Harris 1 AST)"
"63","=""0021500514""","2015-2016 Regular Season","2016-01-04","Tobias Harris","Nikola Vucevic","Victor Oladipo","Shabazz Napier","Andrew Nicholson","Marcus Morris","Ersan Ilyasova","Andre Drummond","Reggie Jackson","Stanley Johnson",1,12,21,"00:03:38","00:08:22","00:00:22",67,"DET","miss","","","","","","",NA,"",NA,"Reggie Jackson",0,"","","missed","","Jump Shot",27,115,239,36.5,65.1,"MISS Jackson 27' 3PT Jump Shot"
"65","=""0021500514""","2015-2016 Regular Season","2016-01-04","Tobias Harris","Nikola Vucevic","Victor Oladipo","Shabazz Napier","Andrew Nicholson","Marcus Morris","Ersan Ilyasova","Andre Drummond","Reggie Jackson","Stanley Johnson",1,14,21,"00:03:19","00:08:41","00:00:19",70,"ORL","shot","","","","","","",NA,"",NA,"Andrew Nicholson",2,"","","made","","Hook Shot",7,68,16,18.2,6.6,"Nicholson 7' Hook Shot (5 PTS)"
"66","=""0021500514""","2015-2016 Regular Season","2016-01-04","Tobias Harris","Nikola Vucevic","Victor Oladipo","Shabazz Napier","Andrew Nicholson","Marcus Morris","Ersan Ilyasova","Andre Drummond","Reggie Jackson","Stanley Johnson",1,14,23,"00:03:06","00:08:54","00:00:13",71,"DET","shot","Reggie Jackson","","","","","",NA,"",NA,"Andre Drummond",2,"","","made","","Layup",0,-2,2,24.8,88.8,"Drummond  Layup (8 PTS) (Jackson 3 AST)"
"67","=""0021500514""","2015-2016 Regular Season","2016-01-04","Tobias Harris","Nikola Vucevic","Victor Oladipo","Shabazz Napier","Andrew Nicholson","Marcus Morris","Ersan Ilyasova","Andre Drummond","Reggie Jackson","Stanley Johnson",1,17,23,"00:02:42","00:09:18","00:00:24",72,"ORL","shot","Nikola Vucevic","","","","","",NA,"",NA,"Shabazz Napier",3,"","","made","","Jump Shot",26,110,237,14,28.7,"Napier 26' 3PT Jump Shot (3 PTS) (Vucevic 1 AST)"
"68","=""0021500514""","2015-2016 Regular Season","2016-01-04","Tobias Harris","Nikola Vucevic","Victor Oladipo","Shabazz Napier","Andrew Nicholson","Marcus Morris","Ersan Ilyasova","Andre Drummond","Reggie Jackson","Stanley Johnson",1,17,26,"00:02:20","00:09:40","00:00:22",73,"DET","shot","Reggie Jackson","","","","","",NA,"",NA,"Stanley Johnson",3,"","","made","","Jump Shot",25,164,188,41.4,70.2,"Johnson 25' 3PT Jump Shot (3 PTS) (Jackson 4 AST)"
"69","=""0021500514""","2015-2016 Regular Season","2016-01-04","Tobias Harris","Nikola Vucevic","Victor Oladipo","Shabazz Napier","Andrew Nicholson","Marcus Morris","Ersan Ilyasova","Andre Drummond","Reggie Jackson","Stanley Johnson",1,19,26,"00:01:57","00:10:03","00:00:23",74,"ORL","shot","","","","","","",NA,"",NA,"Victor Oladipo",2,"","","made","","Driving Dunk",0,0,1,25,5.1,"Oladipo  Driving Dunk (5 PTS)"
"70","=""0021500514""","2015-2016 Regular Season","2016-01-04","Tobias Harris","Nikola Vucevic","Victor Oladipo","Shabazz Napier","Andrew Nicholson","Marcus Morris","Ersan Ilyasova","Andre Drummond","Reggie Jackson","Stanley Johnson",1,19,26,"00:01:45","00:10:15","00:00:12",75,"DET","miss","","","","","","",NA,"",NA,"Reggie Jackson",0,"","","missed","","Jump Shot",9,-76,46,17.4,84.4,"MISS Jackson 9' Jump Shot"
"72","=""0021500514""","2015-2016 Regular Season","2016-01-04","Tobias Harris","Nikola Vucevic","Victor Oladipo","Shabazz Napier","Andrew Nicholson","Marcus Morris","Ersan Ilyasova","Andre Drummond","Reggie Jackson","Stanley Johnson",1,19,28,"00:01:40","00:10:20","00:00:05",77,"DET","shot","Reggie Jackson","","","","","",NA,"",NA,"Andre Drummond",2,"","","made","","Alley Oop Dunk",0,0,1,25,88.9,"Drummond  Alley Oop Dunk (10 PTS) (Jackson 5 AST)"
"83","=""0021500514""","2015-2016 Regular Season","2016-01-04","Victor Oladipo","Shabazz Napier","Andrew Nicholson","Jason Smith","Aaron Gordon","Marcus Morris","Ersan Ilyasova","Andre Drummond","Stanley Johnson","Brandon Jennings",1,21,31,"00:00:25","00:11:35","00:00:14",92,"DET","shot","Stanley Johnson","","","","","",NA,"",NA,"Ersan Ilyasova",3,"","","made","","Jump Shot",26,-142,213,10.8,67.7,"Ilyasova 26' 3PT Jump Shot (5 PTS) (Johnson 1 AST)"
"84","=""0021500514""","2015-2016 Regular Season","2016-01-04","Victor Oladipo","Shabazz Napier","Andrew Nicholson","Jason Smith","Aaron Gordon","Marcus Morris","Ersan Ilyasova","Andre Drummond","Stanley Johnson","Brandon Jennings",1,23,31,"00:00:02","00:11:58","00:00:23",93,"ORL","shot","","","","","","",NA,"",NA,"Victor Oladipo",2,"","","made","","Driving Layup",1,-9,-6,25.9,4.4,"Oladipo 1' Driving Layup (7 PTS)"
"89","=""0021500514""","2015-2016 Regular Season","2016-01-04","Shabazz Napier","Andrew Nicholson","Jason Smith","Aaron Gordon","Mario Hezonja","Kentavious Caldwell-Pope","Stanley Johnson","Brandon Jennings","Aron Baynes","Anthony Tolliver",2,25,31,"00:11:39","00:00:21","00:00:21",99,"ORL","shot","","","","","","",NA,"",NA,"Andrew Nicholson",2,"","","made","","Finger Roll Layup",1,-4,-5,25.4,4.5,"Nicholson 1' Finger Roll Layup (7 PTS)"
"90","=""0021500514""","2015-2016 Regular Season","2016-01-04","Shabazz Napier","Andrew Nicholson","Jason Smith","Aaron Gordon","Mario Hezonja","Kentavious Caldwell-Pope","Stanley Johnson","Brandon Jennings","Aron Baynes","Anthony Tolliver",2,25,31,"00:11:15","00:00:45","00:00:24",101,"DET","miss","","","","","","",NA,"",NA,"Stanley Johnson",0,"","","missed","","Jump Shot",26,-137,223,11.3,66.7,"MISS Johnson 26' 3PT Jump Shot"
"92","=""0021500514""","2015-2016 Regular Season","2016-01-04","Shabazz Napier","Andrew Nicholson","Jason Smith","Aaron Gordon","Mario Hezonja","Kentavious Caldwell-Pope","Stanley Johnson","Brandon Jennings","Aron Baynes","Anthony Tolliver",2,25,31,"00:10:57","00:01:03","00:00:17",103,"ORL","miss","","","","","","",NA,"",NA,"Shabazz Napier",0,"","","missed","","Jump Shot",26,-184,188,43.4,23.8,"MISS Napier 26' 3PT Jump Shot"
"98","=""0021500514""","2015-2016 Regular Season","2016-01-04","Shabazz Napier","Andrew Nicholson","Jason Smith","Aaron Gordon","Mario Hezonja","Kentavious Caldwell-Pope","Stanley Johnson","Brandon Jennings","Aron Baynes","Anthony Tolliver",2,27,33,"00:10:35","00:01:25","00:00:07",112,"ORL","shot","Shabazz Napier","","","","","",NA,"",NA,"Jason Smith",2,"","","made","","Jump Shot",18,-92,160,34.2,21,"Smith 18' Jump Shot (2 PTS) (Napier 1 AST)"
"103","=""0021500514""","2015-2016 Regular Season","2016-01-04","Shabazz Napier","Andrew Nicholson","Jason Smith","Aaron Gordon","Mario Hezonja","Kentavious Caldwell-Pope","Stanley Johnson","Brandon Jennings","Aron Baynes","Anthony Tolliver",2,27,34,"00:10:15","00:01:45","00:00:08",118,"ORL","miss","","","","Anthony Tolliver","","",NA,"",NA,"Jason Smith",0,"","","missed","","Layup",2,-22,2,27.2,5.2,"MISS Smith 2' Layup, Tolliver BLOCK (1 BLK)"
"105","=""0021500514""","2015-2016 Regular Season","2016-01-04","Shabazz Napier","Andrew Nicholson","Jason Smith","Aaron Gordon","Mario Hezonja","Kentavious Caldwell-Pope","Stanley Johnson","Brandon Jennings","Aron Baynes","Anthony Tolliver",2,27,34,"00:10:13","00:01:47","00:00:01",120,"ORL","miss","","","","","","",NA,"",NA,"Jason Smith",0,"","","missed","","Layup",1,2,7,24.8,5.7,"MISS Smith 1' Layup"
"107","=""0021500514""","2015-2016 Regular Season","2016-01-04","Shabazz Napier","Andrew Nicholson","Jason Smith","Aaron Gordon","Mario Hezonja","Kentavious Caldwell-Pope","Stanley Johnson","Brandon Jennings","Aron Baynes","Anthony Tolliver",2,27,37,"00:10:05","00:01:55","00:00:06",122,"DET","shot","Brandon Jennings","","","","","",NA,"",NA,"Stanley Johnson",3,"","","made","","Jump Shot",22,223,11,47.3,87.9,"Johnson  3PT Jump Shot (6 PTS) (Jennings 1 AST)"
"108","=""0021500514""","2015-2016 Regular Season","2016-01-04","Shabazz Napier","Andrew Nicholson","Jason Smith","Aaron Gordon","Mario Hezonja","Kentavious Caldwell-Pope","Stanley Johnson","Brandon Jennings","Aron Baynes","Anthony Tolliver",2,27,37,"00:09:38","00:02:22","00:00:27",123,"ORL","miss","","","","","","",NA,"",NA,"Mario Hezonja",0,"","","missed","","Driving Layup",0,-2,2,25.2,5.2,"MISS Hezonja  Driving Layup"
"110","=""0021500514""","2015-2016 Regular Season","2016-01-04","Shabazz Napier","Andrew Nicholson","Jason Smith","Aaron Gordon","Mario Hezonja","Kentavious Caldwell-Pope","Stanley Johnson","Brandon Jennings","Aron Baynes","Anthony Tolliver",2,27,40,"00:09:29","00:02:31","00:00:07",125,"DET","shot","Brandon Jennings","","","","","",NA,"",NA,"Anthony Tolliver",3,"","","made","","Jump Shot",23,225,2,47.5,88.8,"Tolliver  3PT Jump Shot (3 PTS) (Jennings 2 AST)"
"111","=""0021500514""","2015-2016 Regular Season","2016-01-04","Shabazz Napier","Andrew Nicholson","Jason Smith","Aaron Gordon","Mario Hezonja","Kentavious Caldwell-Pope","Stanley Johnson","Brandon Jennings","Aron Baynes","Anthony Tolliver",2,27,40,"00:09:04","00:02:56","00:00:25",126,"ORL","miss","","","","","","",NA,"",NA,"Jason Smith",0,"","","missed","","Jump Shot",27,-27,273,27.7,32.3,"MISS Smith 27' 3PT Jump Shot"
"114","=""0021500514""","2015-2016 Regular Season","2016-01-04","Shabazz Napier","Andrew Nicholson","Jason Smith","Aaron Gordon","Mario Hezonja","Kentavious Caldwell-Pope","Stanley Johnson","Brandon Jennings","Aron Baynes","Anthony Tolliver",2,27,42,"00:08:46","00:03:14","00:00:06",129,"DET","shot","Stanley Johnson","","","","","",NA,"",NA,"Brandon Jennings",2,"","","made","","Layup",1,-6,0,24.4,89,"Jennings 1' Layup (3 PTS) (Johnson 2 AST)"
"118","=""0021500514""","2015-2016 Regular Season","2016-01-04","Andrew Nicholson","Jason Smith","Aaron Gordon","Victor Oladipo","Evan Fournier","Kentavious Caldwell-Pope","Stanley Johnson","Brandon Jennings","Aron Baynes","Anthony Tolliver",2,27,42,"00:08:25","00:03:35","00:00:16",134,"ORL","miss","","","","","","",NA,"",NA,"Andrew Nicholson",0,"","","missed","","Driving Layup",1,1,-5,24.9,4.5,"MISS Nicholson 1' Driving Layup"
"121","=""0021500514""","2015-2016 Regular Season","2016-01-04","Andrew Nicholson","Jason Smith","Aaron Gordon","Victor Oladipo","Evan Fournier","Kentavious Caldwell-Pope","Stanley Johnson","Brandon Jennings","Aron Baynes","Anthony Tolliver",2,27,42,"00:08:07","00:03:53","00:00:12",137,"ORL","miss","","","","","","",NA,"",NA,"Andrew Nicholson",0,"","","missed","","Jump Shot",27,-191,193,44.1,24.3,"MISS Nicholson 27' 3PT Jump Shot"
"123","=""0021500514""","2015-2016 Regular Season","2016-01-04","Andrew Nicholson","Jason Smith","Aaron Gordon","Victor Oladipo","Evan Fournier","Kentavious Caldwell-Pope","Stanley Johnson","Brandon Jennings","Aron Baynes","Anthony Tolliver",2,27,42,"00:07:58","00:04:02","00:00:09",139,"DET","miss","","","","Jason Smith","","",NA,"",NA,"Anthony Tolliver",0,"","","missed","","Jump Shot",25,218,129,46.8,76.1,"Smith BLOCK (1 BLK), MISS Tolliver 25' 3PT Jump Shot"
"129","=""0021500514""","2015-2016 Regular Season","2016-01-04","Jason Smith","Aaron Gordon","Victor Oladipo","Evan Fournier","Tobias Harris","Kentavious Caldwell-Pope","Stanley Johnson","Brandon Jennings","Aron Baynes","Anthony Tolliver",2,30,42,"00:07:40","00:04:20","00:00:15",145,"DET","miss","","","","","","",NA,"",NA,"Stanley Johnson",0,"","","missed","","Driving Layup",0,1,0,25.1,89,"MISS Johnson  Driving Layup"
"131","=""0021500514""","2015-2016 Regular Season","2016-01-04","Jason Smith","Aaron Gordon","Victor Oladipo","Evan Fournier","Tobias Harris","Kentavious Caldwell-Pope","Stanley Johnson","Brandon Jennings","Aron Baynes","Anthony Tolliver",2,30,42,"00:07:31","00:04:29","00:00:06",147,"ORL","miss","","","","Aron Baynes","","",NA,"",NA,"Jason Smith",0,"","","missed","","Layup",3,-29,7,27.9,5.7,"MISS Smith 3' Layup, Baynes BLOCK (1 BLK)"
"133","=""0021500514""","2015-2016 Regular Season","2016-01-04","Jason Smith","Aaron Gordon","Victor Oladipo","Evan Fournier","Tobias Harris","Kentavious Caldwell-Pope","Stanley Johnson","Brandon Jennings","Aron Baynes","Anthony Tolliver",2,30,44,"00:07:23","00:04:37","00:00:06",149,"DET","shot","Brandon Jennings","","","","","",NA,"",NA,"Kentavious Caldwell-Pope",2,"","","made","","Dunk",0,0,1,25,88.9,"Caldwell-Pope  Dunk (10 PTS) (Jennings 3 AST)"
"134","=""0021500514""","2015-2016 Regular Season","2016-01-04","Jason Smith","Aaron Gordon","Victor Oladipo","Evan Fournier","Tobias Harris","Kentavious Caldwell-Pope","Stanley Johnson","Brandon Jennings","Aron Baynes","Anthony Tolliver",2,32,44,"00:07:02","00:04:58","00:00:21",150,"ORL","shot","Victor Oladipo","","","","","",NA,"",NA,"Jason Smith",2,"","","made","","Jump Shot",20,-161,115,41.1,16.5,"Smith 20' Jump Shot (7 PTS) (Oladipo 2 AST)"
"135","=""0021500514""","2015-2016 Regular Season","2016-01-04","Jason Smith","Aaron Gordon","Victor Oladipo","Evan Fournier","Tobias Harris","Kentavious Caldwell-Pope","Stanley Johnson","Brandon Jennings","Aron Baynes","Anthony Tolliver",2,32,46,"00:06:49","00:05:11","00:00:13",151,"DET","shot","","","","","","",NA,"",NA,"Brandon Jennings",2,"","","made","","Floating Jump Shot",6,55,23,30.5,86.7,"Jennings 6' Floating Jump Shot (5 PTS)"
"136","=""0021500514""","2015-2016 Regular Season","2016-01-04","Jason Smith","Aaron Gordon","Victor Oladipo","Evan Fournier","Tobias Harris","Kentavious Caldwell-Pope","Stanley Johnson","Brandon Jennings","Aron Baynes","Anthony Tolliver",2,32,46,"00:06:30","00:05:30","00:00:19",152,"ORL","miss","","","","","","",NA,"",NA,"Evan Fournier",0,"","","missed","","Jump Shot",13,92,87,15.8,13.7,"MISS Fournier 13' Jump Shot"
"138","=""0021500514""","2015-2016 Regular Season","2016-01-04","Jason Smith","Aaron Gordon","Victor Oladipo","Evan Fournier","Tobias Harris","Kentavious Caldwell-Pope","Stanley Johnson","Brandon Jennings","Aron Baynes","Anthony Tolliver",2,32,48,"00:06:12","00:05:48","00:00:17",154,"DET","shot","Anthony Tolliver","","","","","",NA,"",NA,"Aron Baynes",2,"","","made","","Hook Shot",5,25,38,27.5,85.2,"Baynes 5' Hook Shot (2 PTS) (Tolliver 1 AST)"
"139","=""0021500514""","2015-2016 Regular Season","2016-01-04","Jason Smith","Aaron Gordon","Victor Oladipo","Evan Fournier","Tobias Harris","Kentavious Caldwell-Pope","Stanley Johnson","Brandon Jennings","Aron Baynes","Anthony Tolliver",2,34,48,"00:05:59","00:06:01","00:00:13",155,"ORL","shot","Victor Oladipo","","","","","",NA,"",NA,"Jason Smith",2,"","","made","","Layup",0,-2,-1,25.2,4.9,"Smith  Layup (9 PTS) (Oladipo 3 AST)"
"146","=""0021500514""","2015-2016 Regular Season","2016-01-04","Jason Smith","Aaron Gordon","Victor Oladipo","Evan Fournier","Tobias Harris","Kentavious Caldwell-Pope","Anthony Tolliver","Andre Drummond","Marcus Morris","Reggie Jackson",2,35,48,"00:05:44","00:06:16","00:00:15",165,"DET","miss","","","","","","",NA,"",NA,"Kentavious Caldwell-Pope",0,"","","missed","","Jump Shot",17,168,7,41.8,88.3,"MISS Caldwell-Pope 17' Jump Shot"
"148","=""0021500514""","2015-2016 Regular Season","2016-01-04","Jason Smith","Aaron Gordon","Victor Oladipo","Evan Fournier","Tobias Harris","Kentavious Caldwell-Pope","Anthony Tolliver","Andre Drummond","Marcus Morris","Reggie Jackson",2,37,48,"00:05:30","00:06:30","00:00:14",167,"ORL","shot","Evan Fournier","","","","","",NA,"",NA,"Jason Smith",2,"","","made","","Jump Shot",17,-165,56,41.5,10.6,"Smith 17' Jump Shot (12 PTS) (Fournier 2 AST)"
"149","=""0021500514""","2015-2016 Regular Season","2016-01-04","Jason Smith","Aaron Gordon","Victor Oladipo","Evan Fournier","Tobias Harris","Kentavious Caldwell-Pope","Anthony Tolliver","Andre Drummond","Marcus Morris","Reggie Jackson",2,37,48,"00:05:09","00:06:51","00:00:21",168,"DET","miss","","","","","","",NA,"",NA,"Anthony Tolliver",0,"","","missed","","Finger Roll Layup",0,0,-1,25,89.1,"MISS Tolliver  Finger Roll Layup"
"151","=""0021500514""","2015-2016 Regular Season","2016-01-04","Jason Smith","Aaron Gordon","Victor Oladipo","Evan Fournier","Tobias Harris","Kentavious Caldwell-Pope","Anthony Tolliver","Andre Drummond","Marcus Morris","Reggie Jackson",2,39,48,"00:05:02","00:06:58","00:00:07",170,"ORL","shot","","","","","","",NA,"",NA,"Victor Oladipo",2,"","","made","","Driving Layup",0,0,2,25,5.2,"Oladipo  Driving Layup (9 PTS)"
"152","=""0021500514""","2015-2016 Regular Season","2016-01-04","Jason Smith","Aaron Gordon","Victor Oladipo","Evan Fournier","Tobias Harris","Kentavious Caldwell-Pope","Anthony Tolliver","Andre Drummond","Marcus Morris","Reggie Jackson",2,39,48,"00:04:37","00:07:23","00:00:25",171,"DET","miss","","","","","","",NA,"",NA,"Reggie Jackson",0,"","","missed","","Jump Shot",6,-58,13,19.2,87.7,"MISS Jackson 6' Jump Shot"
"154","=""0021500514""","2015-2016 Regular Season","2016-01-04","Jason Smith","Aaron Gordon","Victor Oladipo","Evan Fournier","Tobias Harris","Kentavious Caldwell-Pope","Anthony Tolliver","Andre Drummond","Marcus Morris","Reggie Jackson",2,39,48,"00:04:32","00:07:28","00:00:04",173,"DET","miss","","","","","","",NA,"",NA,"Andre Drummond",0,"","","missed","","Layup",1,-12,-6,23.8,89.6,"MISS Drummond 1' Layup"
"156","=""0021500514""","2015-2016 Regular Season","2016-01-04","Jason Smith","Aaron Gordon","Victor Oladipo","Evan Fournier","Tobias Harris","Kentavious Caldwell-Pope","Anthony Tolliver","Andre Drummond","Marcus Morris","Reggie Jackson",2,39,50,"00:04:29","00:07:31","00:00:03",175,"DET","shot","","","","","","",NA,"",NA,"Andre Drummond",2,"","","made","","unknown",1,-7,-5,24.3,89.5,"Drummond 1' Tip Layup Shot (12 PTS)"
"157","=""0021500514""","2015-2016 Regular Season","2016-01-04","Jason Smith","Aaron Gordon","Victor Oladipo","Evan Fournier","Tobias Harris","Kentavious Caldwell-Pope","Anthony Tolliver","Andre Drummond","Marcus Morris","Reggie Jackson",2,39,50,"00:04:21","00:07:39","00:00:08",176,"ORL","miss","","","","","","",NA,"",NA,"Jason Smith",0,"","","missed","","Jump Shot",20,-186,85,43.6,13.5,"MISS Smith 20' Jump Shot"
"162","=""0021500514""","2015-2016 Regular Season","2016-01-04","Aaron Gordon","Victor Oladipo","Evan Fournier","Tobias Harris","Nikola Vucevic","Kentavious Caldwell-Pope","Andre Drummond","Marcus Morris","Reggie Jackson","Ersan Ilyasova",2,39,50,"00:03:54","00:08:06","00:00:21",181,"ORL","miss","","","","","","",NA,"",NA,"Evan Fournier",0,"","","missed","","Jump Shot",27,-214,165,46.4,21.5,"MISS Fournier 27' 3PT Jump Shot"
"164","=""0021500514""","2015-2016 Regular Season","2016-01-04","Aaron Gordon","Victor Oladipo","Evan Fournier","Tobias Harris","Nikola Vucevic","Kentavious Caldwell-Pope","Andre Drummond","Marcus Morris","Reggie Jackson","Ersan Ilyasova",2,39,50,"00:03:42","00:08:18","00:00:12",183,"DET","miss","","","","","","",NA,"",NA,"Reggie Jackson",0,"","","missed","","Jump Shot",7,61,38,31.1,85.2,"MISS Jackson 7' Jump Shot"
"166","=""0021500514""","2015-2016 Regular Season","2016-01-04","Aaron Gordon","Victor Oladipo","Evan Fournier","Tobias Harris","Nikola Vucevic","Kentavious Caldwell-Pope","Andre Drummond","Marcus Morris","Reggie Jackson","Ersan Ilyasova",2,41,50,"00:03:26","00:08:34","00:00:16",185,"ORL","shot","Nikola Vucevic","","","","","",NA,"",NA,"Tobias Harris",2,"","","made","","Jump Shot",16,-158,36,40.8,8.6,"Harris 16' Jump Shot (2 PTS) (Vucevic 2 AST)"
"167","=""0021500514""","2015-2016 Regular Season","2016-01-04","Aaron Gordon","Victor Oladipo","Evan Fournier","Tobias Harris","Nikola Vucevic","Kentavious Caldwell-Pope","Andre Drummond","Marcus Morris","Reggie Jackson","Ersan Ilyasova",2,41,52,"00:03:01","00:08:59","00:00:25",186,"DET","shot","","","","","","",NA,"",NA,"Marcus Morris",2,"","","made","","Jump Bank Shot",5,48,2,29.8,88.8,"Marc Morris 5' Jump Bank Shot (5 PTS)"
"168","=""0021500514""","2015-2016 Regular Season","2016-01-04","Aaron Gordon","Victor Oladipo","Evan Fournier","Tobias Harris","Nikola Vucevic","Kentavious Caldwell-Pope","Andre Drummond","Marcus Morris","Reggie Jackson","Ersan Ilyasova",2,41,52,"00:02:51","00:09:09","00:00:10",187,"ORL","miss","","","","","","",NA,"",NA,"Nikola Vucevic",0,"","","missed","","Jump Shot",18,-9,183,25.9,23.3,"MISS Vucevic 18' Jump Shot"
"170","=""0021500514""","2015-2016 Regular Season","2016-01-04","Aaron Gordon","Victor Oladipo","Evan Fournier","Tobias Harris","Nikola Vucevic","Kentavious Caldwell-Pope","Andre Drummond","Marcus Morris","Reggie Jackson","Ersan Ilyasova",2,41,54,"00:02:44","00:09:16","00:00:07",189,"DET","shot","Kentavious Caldwell-Pope","","","","","",NA,"",NA,"Andre Drummond",2,"","","made","","Dunk",0,0,1,25,88.9,"Drummond  Dunk (14 PTS) (Caldwell-Pope 2 AST)"
"171","=""0021500514""","2015-2016 Regular Season","2016-01-04","Aaron Gordon","Victor Oladipo","Evan Fournier","Tobias Harris","Nikola Vucevic","Kentavious Caldwell-Pope","Andre Drummond","Marcus Morris","Reggie Jackson","Ersan Ilyasova",2,43,54,"00:02:20","00:09:40","00:00:24",190,"ORL","shot","","","","","","",NA,"",NA,"Nikola Vucevic",2,"","","made","","Hook Shot",4,12,38,23.8,8.8,"Vucevic 4' Hook Shot (8 PTS)"
"172","=""0021500514""","2015-2016 Regular Season","2016-01-04","Aaron Gordon","Victor Oladipo","Evan Fournier","Tobias Harris","Nikola Vucevic","Kentavious Caldwell-Pope","Andre Drummond","Marcus Morris","Reggie Jackson","Ersan Ilyasova",2,43,54,"00:02:04","00:09:56","00:00:16",191,"DET","miss","","","","","","",NA,"",NA,"Reggie Jackson",0,"","","missed","","Jump Shot",27,164,210,41.4,68,"MISS Jackson 27' 3PT Jump Shot"
"182","=""0021500514""","2015-2016 Regular Season","2016-01-04","Aaron Gordon","Victor Oladipo","Tobias Harris","Nikola Vucevic","Shabazz Napier","Andre Drummond","Marcus Morris","Reggie Jackson","Ersan Ilyasova","Stanley Johnson",2,43,54,"00:01:41","00:10:19","00:00:14",203,"ORL","miss","","","","","","",NA,"",NA,"Nikola Vucevic",0,"","","missed","","Jump Shot",17,-158,51,40.8,10.1,"MISS Vucevic 17' Jump Shot"
"184","=""0021500514""","2015-2016 Regular Season","2016-01-04","Aaron Gordon","Victor Oladipo","Tobias Harris","Nikola Vucevic","Shabazz Napier","Andre Drummond","Marcus Morris","Reggie Jackson","Ersan Ilyasova","Stanley Johnson",2,43,54,"00:01:23","00:10:37","00:00:18",205,"DET","miss","","","","","","",NA,"",NA,"Andre Drummond",0,"","","missed","","Layup",0,2,2,25.2,88.8,"MISS Drummond  Layup"
"186","=""0021500514""","2015-2016 Regular Season","2016-01-04","Aaron Gordon","Victor Oladipo","Tobias Harris","Nikola Vucevic","Shabazz Napier","Andre Drummond","Marcus Morris","Reggie Jackson","Ersan Ilyasova","Stanley Johnson",2,45,54,"00:01:17","00:10:43","00:00:06",207,"ORL","shot","Aaron Gordon","","","","","",NA,"",NA,"Tobias Harris",2,"","","made","","Alley Oop Dunk",0,0,1,25,5.1,"Harris  Alley Oop Dunk (4 PTS) (Gordon 1 AST)"
"202","=""0021500514""","2015-2016 Regular Season","2016-01-04","Aaron Gordon","Victor Oladipo","Tobias Harris","Nikola Vucevic","Shabazz Napier","Marcus Morris","Reggie Jackson","Ersan Ilyasova","Stanley Johnson","Aron Baynes",2,47,57,"00:00:01","00:11:59","00:00:22",234,"DET","miss","","","","","","",NA,"",NA,"Ersan Ilyasova",0,"","","missed","","Jump Shot",14,-83,115,16.7,77.5,"MISS Ilyasova 14' Jump Shot"
"206","=""0021500514""","2015-2016 Regular Season","2016-01-04","Tobias Harris","Channing Frye","Nikola Vucevic","Evan Fournier","Victor Oladipo","Marcus Morris","Ersan Ilyasova","Andre Drummond","Kentavious Caldwell-Pope","Reggie Jackson",3,49,57,"00:11:41","00:00:19","00:00:19",239,"ORL","shot","","","","","","",NA,"",NA,"Nikola Vucevic",2,"","","made","","Hook Shot",6,-56,13,30.6,6.3,"Vucevic 6' Hook Shot (10 PTS)"
"207","=""0021500514""","2015-2016 Regular Season","2016-01-04","Tobias Harris","Channing Frye","Nikola Vucevic","Evan Fournier","Victor Oladipo","Marcus Morris","Ersan Ilyasova","Andre Drummond","Kentavious Caldwell-Pope","Reggie Jackson",3,49,57,"00:11:14","00:00:46","00:00:27",240,"DET","miss","","","","","","",NA,"",NA,"Andre Drummond",0,"","","missed","","Jump Shot",17,-165,-1,8.5,89.1,"MISS Drummond 17' Jump Shot"
"209","=""0021500514""","2015-2016 Regular Season","2016-01-04","Tobias Harris","Channing Frye","Nikola Vucevic","Evan Fournier","Victor Oladipo","Marcus Morris","Ersan Ilyasova","Andre Drummond","Kentavious Caldwell-Pope","Reggie Jackson",3,49,57,"00:11:05","00:00:55","00:00:08",242,"ORL","miss","","","","","","",NA,"",NA,"Nikola Vucevic",0,"","","missed","","Hook Shot",8,82,21,16.8,7.1,"MISS Vucevic 8' Hook Shot"
"211","=""0021500514""","2015-2016 Regular Season","2016-01-04","Tobias Harris","Channing Frye","Nikola Vucevic","Evan Fournier","Victor Oladipo","Marcus Morris","Ersan Ilyasova","Andre Drummond","Kentavious Caldwell-Pope","Reggie Jackson",3,52,57,"00:11:00","00:01:00","00:00:04",244,"ORL","shot","Nikola Vucevic","","","","","",NA,"",NA,"Tobias Harris",3,"","","made","","Jump Shot",26,-125,228,37.5,27.8,"Harris 26' 3PT Jump Shot (7 PTS) (Vucevic 3 AST)"
"212","=""0021500514""","2015-2016 Regular Season","2016-01-04","Tobias Harris","Channing Frye","Nikola Vucevic","Evan Fournier","Victor Oladipo","Marcus Morris","Ersan Ilyasova","Andre Drummond","Kentavious Caldwell-Pope","Reggie Jackson",3,52,57,"00:10:37","00:01:23","00:00:23",245,"DET","miss","","","","","","",NA,"",NA,"Kentavious Caldwell-Pope",0,"","","missed","","Jump Shot",25,228,111,47.8,77.9,"MISS Caldwell-Pope 25' 3PT Jump Shot"
"214","=""0021500514""","2015-2016 Regular Season","2016-01-04","Tobias Harris","Channing Frye","Nikola Vucevic","Evan Fournier","Victor Oladipo","Marcus Morris","Ersan Ilyasova","Andre Drummond","Kentavious Caldwell-Pope","Reggie Jackson",3,54,57,"00:10:23","00:01:37","00:00:14",247,"ORL","shot","Tobias Harris","","","","","",NA,"",NA,"Nikola Vucevic",2,"","","made","","Hook Shot",6,-58,21,30.8,7.1,"Vucevic 6' Hook Shot (12 PTS) (Harris 2 AST)"
"216","=""0021500514""","2015-2016 Regular Season","2016-01-04","Tobias Harris","Channing Frye","Nikola Vucevic","Evan Fournier","Victor Oladipo","Marcus Morris","Ersan Ilyasova","Andre Drummond","Kentavious Caldwell-Pope","Reggie Jackson",3,54,59,"00:10:08","00:01:52","00:00:15",250,"DET","shot","","","","","","",NA,"",NA,"Reggie Jackson",2,"","","made","","Jump Shot",14,-125,52,12.5,83.8,"Jackson 14' Jump Shot (6 PTS)"
"217","=""0021500514""","2015-2016 Regular Season","2016-01-04","Tobias Harris","Channing Frye","Nikola Vucevic","Evan Fournier","Victor Oladipo","Marcus Morris","Ersan Ilyasova","Andre Drummond","Kentavious Caldwell-Pope","Reggie Jackson",3,54,59,"00:09:45","00:02:15","00:00:23",251,"ORL","miss","","","","","","",NA,"",NA,"Tobias Harris",0,"","","missed","","Jump Shot",26,-204,160,45.4,21,"MISS Harris 26' 3PT Jump Shot"
"219","=""0021500514""","2015-2016 Regular Season","2016-01-04","Tobias Harris","Channing Frye","Nikola Vucevic","Evan Fournier","Victor Oladipo","Marcus Morris","Ersan Ilyasova","Andre Drummond","Kentavious Caldwell-Pope","Reggie Jackson",3,54,59,"00:09:36","00:02:24","00:00:09",253,"DET","miss","","","","","","",NA,"",NA,"Andre Drummond",0,"","","missed","","Hook Shot",7,-58,31,19.2,85.9,"MISS Drummond 7' Hook Shot"
"221","=""0021500514""","2015-2016 Regular Season","2016-01-04","Tobias Harris","Channing Frye","Nikola Vucevic","Evan Fournier","Victor Oladipo","Marcus Morris","Ersan Ilyasova","Andre Drummond","Kentavious Caldwell-Pope","Reggie Jackson",3,54,59,"00:09:34","00:02:26","00:00:01",255,"DET","miss","","","","","","",NA,"",NA,"Andre Drummond",0,"","","missed","","Jump Shot",5,-48,26,20.2,86.4,"MISS Drummond 5' Jump Shot"
"224","=""0021500514""","2015-2016 Regular Season","2016-01-04","Tobias Harris","Channing Frye","Nikola Vucevic","Evan Fournier","Victor Oladipo","Marcus Morris","Ersan Ilyasova","Andre Drummond","Kentavious Caldwell-Pope","Reggie Jackson",3,56,59,"00:09:17","00:02:43","00:00:12",258,"ORL","shot","Victor Oladipo","","","","","",NA,"",NA,"Channing Frye",2,"","","made","","Jump Shot",16,145,67,10.5,11.7,"Frye 16' Jump Shot (2 PTS) (Oladipo 4 AST)"
"225","=""0021500514""","2015-2016 Regular Season","2016-01-04","Tobias Harris","Channing Frye","Nikola Vucevic","Evan Fournier","Victor Oladipo","Marcus Morris","Ersan Ilyasova","Andre Drummond","Kentavious Caldwell-Pope","Reggie Jackson",3,56,61,"00:08:59","00:03:01","00:00:18",259,"DET","shot","","","","","","",NA,"",NA,"Reggie Jackson",2,"","","made","","Jump Shot",14,63,126,31.3,76.4,"Jackson 14' Jump Shot (8 PTS)"
"226","=""0021500514""","2015-2016 Regular Season","2016-01-04","Tobias Harris","Channing Frye","Nikola Vucevic","Evan Fournier","Victor Oladipo","Marcus Morris","Ersan Ilyasova","Andre Drummond","Kentavious Caldwell-Pope","Reggie Jackson",3,58,61,"00:08:45","00:03:15","00:00:14",260,"ORL","shot","Victor Oladipo","","","","","",NA,"",NA,"Nikola Vucevic",2,"","","made","","Jump Shot",17,163,56,8.7,10.6,"Vucevic 17' Jump Shot (14 PTS) (Oladipo 5 AST)"
"227","=""0021500514""","2015-2016 Regular Season","2016-01-04","Tobias Harris","Channing Frye","Nikola Vucevic","Evan Fournier","Victor Oladipo","Marcus Morris","Ersan Ilyasova","Andre Drummond","Kentavious Caldwell-Pope","Reggie Jackson",3,58,61,"00:08:18","00:03:42","00:00:27",262,"DET","miss","","","","","","",NA,"",NA,"Ersan Ilyasova",0,"","","missed","","Jump Shot",26,-187,174,6.3,71.6,"MISS Ilyasova 26' 3PT Jump Shot"
"232","=""0021500514""","2015-2016 Regular Season","2016-01-04","Tobias Harris","Channing Frye","Nikola Vucevic","Evan Fournier","Victor Oladipo","Marcus Morris","Ersan Ilyasova","Andre Drummond","Kentavious Caldwell-Pope","Reggie Jackson",3,60,63,"00:07:44","00:04:16","00:00:22",269,"ORL","shot","","","","","","",NA,"",NA,"Tobias Harris",2,"","","made","","Driving Dunk",0,0,1,25,5.1,"Harris  Driving Dunk (9 PTS)"
"233","=""0021500514""","2015-2016 Regular Season","2016-01-04","Tobias Harris","Channing Frye","Nikola Vucevic","Evan Fournier","Victor Oladipo","Marcus Morris","Ersan Ilyasova","Andre Drummond","Kentavious Caldwell-Pope","Reggie Jackson",3,60,63,"00:07:22","00:04:38","00:00:22",270,"DET","miss","","","","","","",NA,"",NA,"Kentavious Caldwell-Pope",0,"","","missed","","Jump Shot",7,-74,2,17.6,88.8,"MISS Caldwell-Pope 7' Jump Shot"
"235","=""0021500514""","2015-2016 Regular Season","2016-01-04","Tobias Harris","Channing Frye","Nikola Vucevic","Evan Fournier","Victor Oladipo","Marcus Morris","Ersan Ilyasova","Andre Drummond","Kentavious Caldwell-Pope","Reggie Jackson",3,60,63,"00:07:20","00:04:40","00:00:01",272,"DET","miss","","","","Channing Frye","","",NA,"",NA,"Ersan Ilyasova",0,"","","missed","","Jump Shot",5,45,7,29.5,88.3,"Frye BLOCK (2 BLK), MISS Ilyasova 5' Jump Shot"
"237","=""0021500514""","2015-2016 Regular Season","2016-01-04","Tobias Harris","Channing Frye","Nikola Vucevic","Evan Fournier","Victor Oladipo","Marcus Morris","Ersan Ilyasova","Andre Drummond","Kentavious Caldwell-Pope","Reggie Jackson",3,60,65,"00:07:17","00:04:43","00:00:01",274,"DET","shot","","","","","","",NA,"",NA,"Marcus Morris",2,"","","made","","Jump Shot",14,132,33,38.2,85.7,"Marc Morris 14' Jump Shot (9 PTS)"
"239","=""0021500514""","2015-2016 Regular Season","2016-01-04","Tobias Harris","Channing Frye","Nikola Vucevic","Evan Fournier","Victor Oladipo","Marcus Morris","Ersan Ilyasova","Andre Drummond","Kentavious Caldwell-Pope","Reggie Jackson",3,63,65,"00:06:53","00:05:07","00:00:13",276,"ORL","shot","Tobias Harris","","","","","",NA,"",NA,"Victor Oladipo",3,"","","made","","Jump Shot",26,74,247,17.6,29.7,"Oladipo 26' 3PT Jump Shot (14 PTS) (Harris 3 AST)"
"240","=""0021500514""","2015-2016 Regular Season","2016-01-04","Tobias Harris","Channing Frye","Nikola Vucevic","Evan Fournier","Victor Oladipo","Marcus Morris","Ersan Ilyasova","Andre Drummond","Kentavious Caldwell-Pope","Reggie Jackson",3,63,67,"00:06:30","00:05:30","00:00:23",277,"DET","shot","","","","","","",NA,"",NA,"Marcus Morris",2,"","","made","","Pullup Jump Shot",17,158,75,40.8,81.5,"Marc Morris 17' Pullup Jump Shot (11 PTS)"
"241","=""0021500514""","2015-2016 Regular Season","2016-01-04","Tobias Harris","Channing Frye","Nikola Vucevic","Evan Fournier","Victor Oladipo","Marcus Morris","Ersan Ilyasova","Andre Drummond","Kentavious Caldwell-Pope","Reggie Jackson",3,63,67,"00:06:06","00:05:54","00:00:24",278,"ORL","miss","","","","","","",NA,"",NA,"Nikola Vucevic",0,"","","missed","","Dunk",0,0,1,25,5.1,"MISS Vucevic  Dunk"
"245","=""0021500514""","2015-2016 Regular Season","2016-01-04","Tobias Harris","Channing Frye","Nikola Vucevic","Evan Fournier","Victor Oladipo","Marcus Morris","Ersan Ilyasova","Andre Drummond","Kentavious Caldwell-Pope","Reggie Jackson",3,63,67,"00:05:40","00:06:20","00:00:24",283,"ORL","miss","","","","","","",NA,"",NA,"Evan Fournier",0,"","","missed","","Jump Shot",8,30,70,22,12,"MISS Fournier 8' Jump Shot"
"247","=""0021500514""","2015-2016 Regular Season","2016-01-04","Tobias Harris","Channing Frye","Nikola Vucevic","Evan Fournier","Victor Oladipo","Marcus Morris","Ersan Ilyasova","Andre Drummond","Kentavious Caldwell-Pope","Reggie Jackson",3,63,70,"00:05:32","00:06:28","00:00:07",285,"DET","shot","Reggie Jackson","","","","","",NA,"",NA,"Kentavious Caldwell-Pope",3,"","","made","","Jump Shot",26,48,254,29.8,63.6,"Caldwell-Pope 26' 3PT Jump Shot (13 PTS) (Jackson 6 AST)"
"252","=""0021500514""","2015-2016 Regular Season","2016-01-04","Tobias Harris","Channing Frye","Nikola Vucevic","Evan Fournier","Victor Oladipo","Marcus Morris","Ersan Ilyasova","Andre Drummond","Kentavious Caldwell-Pope","Reggie Jackson",3,65,70,"00:05:04","00:06:56","00:00:12",291,"ORL","miss","","","","","","",NA,"",NA,"Victor Oladipo",0,"","","missed","","Jump Shot",19,-63,178,31.3,22.8,"MISS Oladipo 19' Jump Shot"
"254","=""0021500514""","2015-2016 Regular Season","2016-01-04","Tobias Harris","Channing Frye","Nikola Vucevic","Evan Fournier","Victor Oladipo","Marcus Morris","Ersan Ilyasova","Andre Drummond","Kentavious Caldwell-Pope","Reggie Jackson",3,65,72,"00:04:45","00:07:15","00:00:19",293,"DET","shot","Reggie Jackson","","","","","",NA,"",NA,"Andre Drummond",2,"","","made","","Hook Shot",7,-66,13,18.4,87.7,"Drummond 7' Hook Shot (17 PTS) (Jackson 7 AST)"
"255","=""0021500514""","2015-2016 Regular Season","2016-01-04","Tobias Harris","Channing Frye","Nikola Vucevic","Evan Fournier","Victor Oladipo","Marcus Morris","Ersan Ilyasova","Andre Drummond","Kentavious Caldwell-Pope","Reggie Jackson",3,65,72,"00:04:19","00:07:41","00:00:26",294,"ORL","miss","","","","","","",NA,"",NA,"Channing Frye",0,"","","missed","","Jump Shot",23,-233,26,48.3,7.6,"MISS Frye  3PT Jump Shot"
"257","=""0021500514""","2015-2016 Regular Season","2016-01-04","Tobias Harris","Channing Frye","Nikola Vucevic","Evan Fournier","Victor Oladipo","Marcus Morris","Ersan Ilyasova","Andre Drummond","Kentavious Caldwell-Pope","Reggie Jackson",3,65,72,"00:04:14","00:07:46","00:00:04",296,"ORL","miss","","","","","","",NA,"",NA,"Evan Fournier",0,"","","missed","","Jump Shot",26,64,257,18.6,30.7,"MISS Fournier 26' 3PT Jump Shot"
"264","=""0021500514""","2015-2016 Regular Season","2016-01-04","Tobias Harris","Nikola Vucevic","Victor Oladipo","Aaron Gordon","Shabazz Napier","Marcus Morris","Ersan Ilyasova","Andre Drummond","Reggie Jackson","Stanley Johnson",3,65,74,"00:03:57","00:08:03","00:00:09",303,"DET","shot","","","","","","",NA,"",NA,"Reggie Jackson",2,"","","made","","Running Jump Shot",10,-97,26,15.3,86.4,"Jackson 10' Running Jump Shot (12 PTS)"
"267","=""0021500514""","2015-2016 Regular Season","2016-01-04","Tobias Harris","Nikola Vucevic","Victor Oladipo","Aaron Gordon","Shabazz Napier","Marcus Morris","Ersan Ilyasova","Andre Drummond","Reggie Jackson","Stanley Johnson",3,67,74,"00:03:31","00:08:29","00:00:00",305,"ORL","shot","","","","","","",NA,"",NA,"Nikola Vucevic",2,"","","made","","Hook Shot",4,-22,36,27.2,8.6,"Vucevic 4' Hook Shot (16 PTS)"
"268","=""0021500514""","2015-2016 Regular Season","2016-01-04","Tobias Harris","Nikola Vucevic","Victor Oladipo","Aaron Gordon","Shabazz Napier","Marcus Morris","Ersan Ilyasova","Andre Drummond","Reggie Jackson","Stanley Johnson",3,67,76,"00:03:19","00:08:41","00:00:12",307,"DET","shot","","","","","","",NA,"",NA,"Reggie Jackson",2,"","","made","","Driving Layup",1,-1,-6,24.9,89.6,"Jackson 1' Driving Layup (14 PTS)"
"269","=""0021500514""","2015-2016 Regular Season","2016-01-04","Tobias Harris","Nikola Vucevic","Victor Oladipo","Aaron Gordon","Shabazz Napier","Marcus Morris","Ersan Ilyasova","Andre Drummond","Reggie Jackson","Stanley Johnson",3,67,76,"00:03:06","00:08:54","00:00:13",308,"ORL","miss","","","","Andre Drummond","","",NA,"",NA,"Shabazz Napier",0,"","","missed","","Jump Shot",4,38,16,21.2,6.6,"MISS Napier 4' Jump Shot, Drummond BLOCK (1 BLK)"
"275","=""0021500514""","2015-2016 Regular Season","2016-01-04","Tobias Harris","Victor Oladipo","Aaron Gordon","Shabazz Napier","Jason Smith","Marcus Morris","Ersan Ilyasova","Andre Drummond","Stanley Johnson","Brandon Jennings",3,67,79,"00:02:40","00:09:20","00:00:14",315,"DET","shot","Brandon Jennings","","","","","",NA,"",NA,"Ersan Ilyasova",3,"","","made","","Jump Shot",27,-176,205,7.4,68.5,"Ilyasova 27' 3PT Jump Shot (8 PTS) (Jennings 4 AST)"
"277","=""0021500514""","2015-2016 Regular Season","2016-01-04","Tobias Harris","Victor Oladipo","Aaron Gordon","Shabazz Napier","Jason Smith","Marcus Morris","Ersan Ilyasova","Andre Drummond","Stanley Johnson","Brandon Jennings",3,67,79,"00:02:09","00:09:51","00:00:18",317,"DET","miss","","","","","","",NA,"",NA,"Stanley Johnson",0,"","","missed","","Jump Shot",23,225,51,47.5,83.9,"MISS Johnson  3PT Jump Shot"
"279","=""0021500514""","2015-2016 Regular Season","2016-01-04","Tobias Harris","Victor Oladipo","Aaron Gordon","Shabazz Napier","Jason Smith","Marcus Morris","Ersan Ilyasova","Andre Drummond","Stanley Johnson","Brandon Jennings",3,67,81,"00:02:04","00:09:56","00:00:04",319,"DET","shot","","","","","","",NA,"",NA,"Ersan Ilyasova",2,"","","made","","Fadeaway Jumper",14,133,36,38.3,85.4,"Ilyasova 14' Fadeaway Jumper (10 PTS)"
"280","=""0021500514""","2015-2016 Regular Season","2016-01-04","Tobias Harris","Victor Oladipo","Aaron Gordon","Shabazz Napier","Jason Smith","Marcus Morris","Ersan Ilyasova","Andre Drummond","Stanley Johnson","Brandon Jennings",3,69,81,"00:01:49","00:10:11","00:00:15",320,"ORL","shot","","","","","","",NA,"",NA,"Victor Oladipo",2,"","","made","","Jump Shot",15,4,146,24.6,19.6,"Oladipo 15' Jump Shot (16 PTS)"
"281","=""0021500514""","2015-2016 Regular Season","2016-01-04","Tobias Harris","Victor Oladipo","Aaron Gordon","Shabazz Napier","Jason Smith","Marcus Morris","Ersan Ilyasova","Andre Drummond","Stanley Johnson","Brandon Jennings",3,69,83,"00:01:29","00:10:31","00:00:20",321,"DET","shot","","","","","","",NA,"",NA,"Marcus Morris",2,"","","made","","Pullup Jump Shot",17,164,33,41.4,85.7,"Marc Morris 17' Pullup Jump Shot (13 PTS)"
"284","=""0021500514""","2015-2016 Regular Season","2016-01-04","Tobias Harris","Victor Oladipo","Shabazz Napier","Jason Smith","Andrew Nicholson","Marcus Morris","Ersan Ilyasova","Andre Drummond","Stanley Johnson","Brandon Jennings",3,69,83,"00:01:08","00:10:52","00:00:08",324,"ORL","miss","","","","","","",NA,"",NA,"Shabazz Napier",0,"","","missed","","Jump Shot",24,232,56,1.8,10.6,"MISS Napier 24' 3PT Jump Shot"
"288","=""0021500514""","2015-2016 Regular Season","2016-01-04","Tobias Harris","Victor Oladipo","Shabazz Napier","Jason Smith","Andrew Nicholson","Marcus Morris","Ersan Ilyasova","Stanley Johnson","Brandon Jennings","Aron Baynes",3,69,85,"00:00:55","00:11:05","00:00:06",329,"DET","shot","Stanley Johnson","","","","","",NA,"",NA,"Aron Baynes",2,"","","made","","Layup",1,-2,-5,24.8,89.5,"Baynes 1' Layup (4 PTS) (Johnson 3 AST)"
"289","=""0021500514""","2015-2016 Regular Season","2016-01-04","Tobias Harris","Victor Oladipo","Shabazz Napier","Jason Smith","Andrew Nicholson","Marcus Morris","Ersan Ilyasova","Stanley Johnson","Brandon Jennings","Aron Baynes",3,72,85,"00:00:41","00:11:19","00:00:14",330,"ORL","shot","Shabazz Napier","","","","","",NA,"",NA,"Andrew Nicholson",3,"","","made","","Jump Shot",25,171,178,7.9,22.8,"Nicholson 25' 3PT Jump Shot (10 PTS) (Napier 2 AST)"
"290","=""0021500514""","2015-2016 Regular Season","2016-01-04","Tobias Harris","Victor Oladipo","Shabazz Napier","Jason Smith","Andrew Nicholson","Marcus Morris","Ersan Ilyasova","Stanley Johnson","Brandon Jennings","Aron Baynes",3,72,85,"00:00:26","00:11:34","00:00:15",331,"DET","miss","","","","","","",NA,"",NA,"Ersan Ilyasova",0,"","","missed","","Jump Shot",7,63,16,31.3,87.4,"MISS Ilyasova 7' Jump Shot"
"292","=""0021500514""","2015-2016 Regular Season","2016-01-04","Tobias Harris","Victor Oladipo","Shabazz Napier","Jason Smith","Andrew Nicholson","Marcus Morris","Ersan Ilyasova","Stanley Johnson","Brandon Jennings","Aron Baynes",3,74,85,"00:00:05","00:11:55","00:00:20",333,"ORL","shot","","","","","","",NA,"",NA,"Victor Oladipo",2,"","","made","","Driving Layup",0,-2,0,25.2,5,"Oladipo  Driving Layup (18 PTS)"
"300","=""0021500514""","2015-2016 Regular Season","2016-01-04","Tobias Harris","Evan Fournier","Shabazz Napier","Andrew Nicholson","Jason Smith","Kentavious Caldwell-Pope","Stanley Johnson","Brandon Jennings","Aron Baynes","Anthony Tolliver",4,74,88,"00:11:11","00:00:49","00:00:18",342,"DET","miss","","","","Jason Smith","","",NA,"",NA,"Stanley Johnson",0,"","","missed","","Layup",0,2,-1,25.2,89.1,"Smith BLOCK (2 BLK), MISS Johnson  Layup"
"303","=""0021500514""","2015-2016 Regular Season","2016-01-04","Tobias Harris","Evan Fournier","Shabazz Napier","Andrew Nicholson","Jason Smith","Kentavious Caldwell-Pope","Stanley Johnson","Brandon Jennings","Aron Baynes","Anthony Tolliver",4,76,88,"00:10:54","00:01:06","00:00:13",345,"ORL","shot","","","","","","",NA,"",NA,"Andrew Nicholson",2,"","","made","","Hook Shot",5,32,43,21.8,9.3,"Nicholson 5' Hook Shot (12 PTS)"
"308","=""0021500514""","2015-2016 Regular Season","2016-01-04","Tobias Harris","Evan Fournier","Shabazz Napier","Andrew Nicholson","Jason Smith","Kentavious Caldwell-Pope","Stanley Johnson","Brandon Jennings","Aron Baynes","Anthony Tolliver",4,76,89,"00:10:27","00:01:33","00:00:17",352,"ORL","miss","","","","","","",NA,"",NA,"Jason Smith",0,"","","missed","","Jump Shot",19,-132,134,38.2,18.4,"MISS Smith 19' Jump Shot"
"310","=""0021500514""","2015-2016 Regular Season","2016-01-04","Tobias Harris","Evan Fournier","Shabazz Napier","Andrew Nicholson","Jason Smith","Kentavious Caldwell-Pope","Stanley Johnson","Brandon Jennings","Aron Baynes","Anthony Tolliver",4,76,89,"00:10:17","00:01:43","00:00:09",354,"DET","miss","","","","","","",NA,"",NA,"Stanley Johnson",0,"","","missed","","Jump Shot",24,-91,224,15.9,66.6,"MISS Johnson 24' 3PT Jump Shot"
"312","=""0021500514""","2015-2016 Regular Season","2016-01-04","Tobias Harris","Evan Fournier","Shabazz Napier","Andrew Nicholson","Jason Smith","Kentavious Caldwell-Pope","Stanley Johnson","Brandon Jennings","Aron Baynes","Anthony Tolliver",4,76,89,"00:10:05","00:01:55","00:00:11",356,"ORL","miss","","","","","","",NA,"",NA,"Jason Smith",0,"","","missed","","Jump Shot",20,-135,154,38.5,20.4,"MISS Smith 20' Jump Shot"
"314","=""0021500514""","2015-2016 Regular Season","2016-01-04","Tobias Harris","Evan Fournier","Shabazz Napier","Andrew Nicholson","Jason Smith","Kentavious Caldwell-Pope","Stanley Johnson","Brandon Jennings","Aron Baynes","Anthony Tolliver",4,76,89,"00:09:57","00:02:03","00:00:07",358,"DET","miss","","","","","","",NA,"",NA,"Brandon Jennings",0,"","","missed","","Layup",1,-1,7,24.9,88.3,"MISS Jennings 1' Layup"
"316","=""0021500514""","2015-2016 Regular Season","2016-01-04","Tobias Harris","Evan Fournier","Shabazz Napier","Andrew Nicholson","Jason Smith","Kentavious Caldwell-Pope","Stanley Johnson","Brandon Jennings","Aron Baynes","Anthony Tolliver",4,76,91,"00:09:53","00:02:07","00:00:04",360,"DET","shot","","","","","","",NA,"",NA,"Aron Baynes",2,"","","made","","unknown",0,1,-1,25.1,89.1,"Baynes  Tip Layup Shot (6 PTS)"
"317","=""0021500514""","2015-2016 Regular Season","2016-01-04","Tobias Harris","Evan Fournier","Shabazz Napier","Andrew Nicholson","Jason Smith","Kentavious Caldwell-Pope","Stanley Johnson","Brandon Jennings","Aron Baynes","Anthony Tolliver",4,76,91,"00:09:38","00:02:22","00:00:15",361,"ORL","miss","","","","","","",NA,"",NA,"Jason Smith",0,"","","missed","","Layup",0,4,-1,24.6,4.9,"MISS Smith  Layup"
"321","=""0021500514""","2015-2016 Regular Season","2016-01-04","Evan Fournier","Shabazz Napier","Andrew Nicholson","Jason Smith","Victor Oladipo","Kentavious Caldwell-Pope","Stanley Johnson","Brandon Jennings","Aron Baynes","Anthony Tolliver",4,76,91,"00:09:08","00:02:52","00:00:12",365,"DET","miss","","","","","","",NA,"",NA,"Anthony Tolliver",0,"","","missed","","Jump Shot",26,127,232,37.7,65.8,"MISS Tolliver 26' 3PT Jump Shot"
"323","=""0021500514""","2015-2016 Regular Season","2016-01-04","Evan Fournier","Shabazz Napier","Andrew Nicholson","Jason Smith","Victor Oladipo","Kentavious Caldwell-Pope","Stanley Johnson","Brandon Jennings","Aron Baynes","Anthony Tolliver",4,76,93,"00:09:02","00:02:58","00:00:06",367,"DET","shot","Aron Baynes","","","","","",NA,"",NA,"Anthony Tolliver",2,"","","made","","Reverse Layup",0,0,-1,25,89.1,"Tolliver  Reverse Layup (5 PTS) (Baynes 1 AST)"
"327","=""0021500514""","2015-2016 Regular Season","2016-01-04","Evan Fournier","Shabazz Napier","Victor Oladipo","Aaron Gordon","Dewayne Dedmon","Kentavious Caldwell-Pope","Stanley Johnson","Brandon Jennings","Aron Baynes","Anthony Tolliver",4,76,93,"00:08:50","00:03:10","00:00:12",372,"ORL","miss","","","","","","",NA,"",NA,"Shabazz Napier",0,"","","missed","","Jump Shot",10,-97,36,34.7,8.6,"MISS Napier 10' Jump Shot"
"329","=""0021500514""","2015-2016 Regular Season","2016-01-04","Evan Fournier","Shabazz Napier","Victor Oladipo","Aaron Gordon","Dewayne Dedmon","Kentavious Caldwell-Pope","Stanley Johnson","Brandon Jennings","Aron Baynes","Anthony Tolliver",4,76,93,"00:08:38","00:03:22","00:00:12",374,"ORL","miss","","","","Aron Baynes","","",NA,"",NA,"Victor Oladipo",0,"","","missed","","Jump Shot",6,63,8,18.7,5.8,"MISS Oladipo 6' Jump Shot, Baynes BLOCK (2 BLK)"
"331","=""0021500514""","2015-2016 Regular Season","2016-01-04","Evan Fournier","Shabazz Napier","Victor Oladipo","Aaron Gordon","Dewayne Dedmon","Kentavious Caldwell-Pope","Stanley Johnson","Brandon Jennings","Aron Baynes","Anthony Tolliver",4,76,93,"00:08:30","00:03:30","00:00:06",376,"DET","miss","","","","","","",NA,"",NA,"Brandon Jennings",0,"","","missed","","Layup",1,-7,11,24.3,87.9,"MISS Jennings 1' Layup"
"337","=""0021500514""","2015-2016 Regular Season","2016-01-04","Evan Fournier","Shabazz Napier","Victor Oladipo","Aaron Gordon","Dewayne Dedmon","Kentavious Caldwell-Pope","Stanley Johnson","Brandon Jennings","Aron Baynes","Anthony Tolliver",4,76,97,"00:07:58","00:04:02","00:00:06",384,"DET","shot","Brandon Jennings","","","","","",NA,"",NA,"Kentavious Caldwell-Pope",2,"","","made","","Layup",1,-6,-6,24.4,89.6,"Caldwell-Pope 1' Layup (15 PTS) (Jennings 5 AST)"
"338","=""0021500514""","2015-2016 Regular Season","2016-01-04","Evan Fournier","Shabazz Napier","Victor Oladipo","Aaron Gordon","Dewayne Dedmon","Kentavious Caldwell-Pope","Stanley Johnson","Brandon Jennings","Aron Baynes","Anthony Tolliver",4,76,97,"00:07:42","00:04:18","00:00:16",385,"ORL","miss","","","","","","",NA,"",NA,"Victor Oladipo",0,"","","missed","","Jump Shot",5,42,21,20.8,7.1,"MISS Oladipo 5' Jump Shot"
"340","=""0021500514""","2015-2016 Regular Season","2016-01-04","Evan Fournier","Shabazz Napier","Victor Oladipo","Aaron Gordon","Dewayne Dedmon","Kentavious Caldwell-Pope","Stanley Johnson","Brandon Jennings","Aron Baynes","Anthony Tolliver",4,76,100,"00:07:36","00:04:24","00:00:06",387,"DET","shot","Brandon Jennings","","","","","",NA,"",NA,"Kentavious Caldwell-Pope",3,"","","made","","Jump Shot",26,94,247,34.4,64.3,"Caldwell-Pope 26' 3PT Jump Shot (18 PTS) (Jennings 6 AST)"
"343","=""0021500514""","2015-2016 Regular Season","2016-01-04","Evan Fournier","Shabazz Napier","Aaron Gordon","Dewayne Dedmon","Mario Hezonja","Kentavious Caldwell-Pope","Stanley Johnson","Brandon Jennings","Aron Baynes","Anthony Tolliver",4,76,100,"00:07:18","00:04:42","00:00:05",390,"ORL","miss","","","","","","",NA,"",NA,"Evan Fournier",0,"","","missed","","Jump Shot",24,227,82,2.3,13.2,"MISS Fournier 24' 3PT Jump Shot"
"345","=""0021500514""","2015-2016 Regular Season","2016-01-04","Evan Fournier","Shabazz Napier","Aaron Gordon","Dewayne Dedmon","Mario Hezonja","Kentavious Caldwell-Pope","Stanley Johnson","Brandon Jennings","Aron Baynes","Anthony Tolliver",4,76,103,"00:07:06","00:04:54","00:00:12",392,"DET","shot","","","","","","",NA,"",NA,"Kentavious Caldwell-Pope",3,"","","made","","Jump Shot",25,-212,139,3.8,75.1,"Caldwell-Pope 25' 3PT Jump Shot (21 PTS)"
"348","=""0021500514""","2015-2016 Regular Season","2016-01-04","Shabazz Napier","Aaron Gordon","Dewayne Dedmon","Mario Hezonja","Andrew Nicholson","Kentavious Caldwell-Pope","Stanley Johnson","Brandon Jennings","Aron Baynes","Anthony Tolliver",4,76,103,"00:06:46","00:05:14","00:00:20",395,"ORL","miss","","","","","","",NA,"",NA,"Andrew Nicholson",0,"","","missed","","Hook Shot",7,-74,0,32.4,5,"MISS Nicholson 7' Hook Shot"
"350","=""0021500514""","2015-2016 Regular Season","2016-01-04","Shabazz Napier","Aaron Gordon","Dewayne Dedmon","Mario Hezonja","Andrew Nicholson","Kentavious Caldwell-Pope","Stanley Johnson","Brandon Jennings","Aron Baynes","Anthony Tolliver",4,76,106,"00:06:38","00:05:22","00:00:07",397,"DET","shot","","","","","","",NA,"",NA,"Brandon Jennings",3,"","","made","","Jump Shot",26,-225,124,2.5,76.6,"Jennings 26' 3PT Jump Shot (14 PTS)"
"351","=""0021500514""","2015-2016 Regular Season","2016-01-04","Shabazz Napier","Aaron Gordon","Dewayne Dedmon","Mario Hezonja","Andrew Nicholson","Kentavious Caldwell-Pope","Stanley Johnson","Brandon Jennings","Aron Baynes","Anthony Tolliver",4,76,106,"00:06:23","00:05:37","00:00:15",398,"ORL","miss","","","","","","",NA,"",NA,"Shabazz Napier",0,"","","missed","","Layup",2,15,11,23.5,6.1,"MISS Napier 2' Layup"
"353","=""0021500514""","2015-2016 Regular Season","2016-01-04","Shabazz Napier","Aaron Gordon","Dewayne Dedmon","Mario Hezonja","Andrew Nicholson","Kentavious Caldwell-Pope","Stanley Johnson","Brandon Jennings","Aron Baynes","Anthony Tolliver",4,76,106,"00:06:13","00:05:47","00:00:08",400,"DET","miss","","","","","","",NA,"",NA,"Brandon Jennings",0,"","","missed","","Jump Shot",6,53,21,30.3,86.9,"MISS Jennings 6' Jump Shot"
"355","=""0021500514""","2015-2016 Regular Season","2016-01-04","Shabazz Napier","Aaron Gordon","Dewayne Dedmon","Mario Hezonja","Andrew Nicholson","Kentavious Caldwell-Pope","Stanley Johnson","Brandon Jennings","Aron Baynes","Anthony Tolliver",4,76,106,"00:06:06","00:05:54","00:00:07",402,"ORL","miss","","","","","","",NA,"",NA,"Shabazz Napier",0,"","","missed","","Jump Shot",15,-76,129,32.6,17.9,"MISS Napier 15' Jump Shot"
"357","=""0021500514""","2015-2016 Regular Season","2016-01-04","Shabazz Napier","Aaron Gordon","Dewayne Dedmon","Mario Hezonja","Andrew Nicholson","Kentavious Caldwell-Pope","Stanley Johnson","Brandon Jennings","Aron Baynes","Anthony Tolliver",4,76,106,"00:05:52","00:06:08","00:00:14",404,"DET","miss","","","","","","",NA,"",NA,"Kentavious Caldwell-Pope",0,"","","missed","","Jump Shot",26,-222,131,2.8,75.9,"MISS Caldwell-Pope 26' 3PT Jump Shot"
"359","=""0021500514""","2015-2016 Regular Season","2016-01-04","Shabazz Napier","Aaron Gordon","Dewayne Dedmon","Mario Hezonja","Andrew Nicholson","Kentavious Caldwell-Pope","Stanley Johnson","Brandon Jennings","Aron Baynes","Anthony Tolliver",4,76,106,"00:05:51","00:06:09","00:00:01",406,"DET","miss","","","","","","",NA,"",NA,"Stanley Johnson",0,"","","missed","","Layup",0,1,2,25.1,88.8,"MISS Johnson  Layup"
"366","=""0021500514""","2015-2016 Regular Season","2016-01-04","Shabazz Napier","Aaron Gordon","Dewayne Dedmon","Mario Hezonja","Andrew Nicholson","Kentavious Caldwell-Pope","Stanley Johnson","Brandon Jennings","Aron Baynes","Anthony Tolliver",4,78,107,"00:05:27","00:06:33","00:00:24",416,"ORL","shot","","","","","","",NA,"",NA,"Shabazz Napier",2,"","","made","","Pullup Jump Shot",18,0,178,25,22.8,"Napier 18' Pullup Jump Shot (5 PTS)"
"367","=""0021500514""","2015-2016 Regular Season","2016-01-04","Shabazz Napier","Aaron Gordon","Dewayne Dedmon","Mario Hezonja","Andrew Nicholson","Kentavious Caldwell-Pope","Stanley Johnson","Brandon Jennings","Aron Baynes","Anthony Tolliver",4,78,110,"00:05:09","00:06:51","00:00:18",417,"DET","shot","Aron Baynes","","","","","",NA,"",NA,"Brandon Jennings",3,"","","made","","Jump Shot",23,-225,2,2.5,88.8,"Jennings  3PT Jump Shot (17 PTS) (Baynes 2 AST)"
"368","=""0021500514""","2015-2016 Regular Season","2016-01-04","Shabazz Napier","Aaron Gordon","Dewayne Dedmon","Mario Hezonja","Andrew Nicholson","Kentavious Caldwell-Pope","Stanley Johnson","Brandon Jennings","Aron Baynes","Anthony Tolliver",4,80,110,"00:04:43","00:07:17","00:00:26",418,"ORL","shot","","","","","","",NA,"",NA,"Mario Hezonja",2,"","","made","","Driving Hook Shot",5,4,51,24.6,10.1,"Hezonja 5' Driving Hook Shot (2 PTS)"
"369","=""0021500514""","2015-2016 Regular Season","2016-01-04","Shabazz Napier","Aaron Gordon","Dewayne Dedmon","Mario Hezonja","Andrew Nicholson","Kentavious Caldwell-Pope","Stanley Johnson","Brandon Jennings","Aron Baynes","Anthony Tolliver",4,80,110,"00:04:24","00:07:36","00:00:19",419,"DET","miss","","","","","","",NA,"",NA,"Brandon Jennings",0,"","","missed","","Jump Shot",26,-173,200,7.7,69,"MISS Jennings 26' 3PT Jump Shot"
"371","=""0021500514""","2015-2016 Regular Season","2016-01-04","Shabazz Napier","Aaron Gordon","Dewayne Dedmon","Mario Hezonja","Andrew Nicholson","Kentavious Caldwell-Pope","Stanley Johnson","Brandon Jennings","Aron Baynes","Anthony Tolliver",4,80,110,"00:04:16","00:07:44","00:00:08",421,"DET","miss","","","","","","",NA,"",NA,"Kentavious Caldwell-Pope",0,"","","missed","","Jump Shot",24,-238,11,1.2,87.9,"MISS Caldwell-Pope 24' 3PT Jump Shot"
"373","=""0021500514""","2015-2016 Regular Season","2016-01-04","Shabazz Napier","Aaron Gordon","Dewayne Dedmon","Mario Hezonja","Andrew Nicholson","Kentavious Caldwell-Pope","Stanley Johnson","Brandon Jennings","Aron Baynes","Anthony Tolliver",4,80,110,"00:04:02","00:07:58","00:00:14",423,"ORL","miss","","","","","","",NA,"",NA,"Aaron Gordon",0,"","","missed","","Jump Shot",26,235,110,1.5,16,"MISS Gordon 26' 3PT Jump Shot"
"380","=""0021500514""","2015-2016 Regular Season","2016-01-04","Shabazz Napier","Aaron Gordon","Dewayne Dedmon","Mario Hezonja","Andrew Nicholson","Anthony Tolliver","Darrun Hilliard","Steve Blake","Reggie Bullock","Joel Anthony",4,80,110,"00:03:32","00:08:28","00:00:12",430,"ORL","miss","","","","","","",NA,"",NA,"Shabazz Napier",0,"","","missed","","Jump Shot",27,-166,208,41.6,25.8,"MISS Napier 27' 3PT Jump Shot"
"383","=""0021500514""","2015-2016 Regular Season","2016-01-04","Shabazz Napier","Aaron Gordon","Dewayne Dedmon","Mario Hezonja","Andrew Nicholson","Anthony Tolliver","Darrun Hilliard","Steve Blake","Reggie Bullock","Joel Anthony",4,80,110,"00:03:25","00:08:35","00:00:07",433,"ORL","miss","","","","","","",NA,"",NA,"Mario Hezonja",0,"","","missed","","Jump Shot",15,-52,144,30.2,19.4,"MISS Hezonja 15' Jump Shot"
"385","=""0021500514""","2015-2016 Regular Season","2016-01-04","Shabazz Napier","Aaron Gordon","Dewayne Dedmon","Mario Hezonja","Andrew Nicholson","Anthony Tolliver","Darrun Hilliard","Steve Blake","Reggie Bullock","Joel Anthony",4,80,110,"00:03:11","00:08:49","00:00:14",435,"DET","miss","","","","","","",NA,"",NA,"Reggie Bullock",0,"","","missed","","Jump Shot",19,-183,31,6.7,85.9,"MISS Bullock 19' Jump Shot"
"393","=""0021500514""","2015-2016 Regular Season","2016-01-04","Shabazz Napier","Aaron Gordon","Dewayne Dedmon","Mario Hezonja","Andrew Nicholson","Anthony Tolliver","Darrun Hilliard","Steve Blake","Reggie Bullock","Joel Anthony",4,82,110,"00:02:05","00:09:55","00:00:14",446,"DET","miss","","","","Dewayne Dedmon","","",NA,"",NA,"Darrun Hilliard",0,"","","missed","","Jump Shot",5,9,46,25.9,84.4,"Dedmon BLOCK (1 BLK), MISS Hilliard 5' Jump Shot"
"395","=""0021500514""","2015-2016 Regular Season","2016-01-04","Shabazz Napier","Aaron Gordon","Dewayne Dedmon","Mario Hezonja","Andrew Nicholson","Anthony Tolliver","Darrun Hilliard","Steve Blake","Reggie Bullock","Joel Anthony",4,82,110,"00:01:58","00:10:02","00:00:05",448,"DET","miss","","","","","","",NA,"",NA,"Darrun Hilliard",0,"","","missed","","Jump Shot",17,130,110,38,78,"MISS Hilliard 17' Jump Shot"
"397","=""0021500514""","2015-2016 Regular Season","2016-01-04","Shabazz Napier","Aaron Gordon","Dewayne Dedmon","Mario Hezonja","Andrew Nicholson","Anthony Tolliver","Darrun Hilliard","Steve Blake","Reggie Bullock","Joel Anthony",4,82,112,"00:01:55","00:10:05","00:00:03",450,"DET","shot","Reggie Bullock","","","","","",NA,"",NA,"Anthony Tolliver",2,"","","made","","Jump Shot",19,153,106,40.3,78.4,"Tolliver 19' Jump Shot (7 PTS) (Bullock 1 AST)"
"398","=""0021500514""","2015-2016 Regular Season","2016-01-04","Shabazz Napier","Aaron Gordon","Dewayne Dedmon","Mario Hezonja","Andrew Nicholson","Anthony Tolliver","Darrun Hilliard","Steve Blake","Reggie Bullock","Joel Anthony",4,84,112,"00:01:48","00:10:12","00:00:07",451,"ORL","shot","","","","","","",NA,"",NA,"Shabazz Napier",2,"","","made","","Pullup Jump Shot",19,159,95,9.1,14.5,"Napier 19' Pullup Jump Shot (7 PTS)"
"399","=""0021500514""","2015-2016 Regular Season","2016-01-04","Shabazz Napier","Aaron Gordon","Dewayne Dedmon","Mario Hezonja","Andrew Nicholson","Anthony Tolliver","Darrun Hilliard","Steve Blake","Reggie Bullock","Joel Anthony",4,84,115,"00:01:34","00:10:26","00:00:14",452,"DET","shot","Steve Blake","","","","","",NA,"",NA,"Anthony Tolliver",3,"","","made","","Jump Shot",27,-89,252,16.1,63.8,"Tolliver 27' 3PT Jump Shot (10 PTS) (Blake 1 AST)"
"400","=""0021500514""","2015-2016 Regular Season","2016-01-04","Shabazz Napier","Aaron Gordon","Dewayne Dedmon","Mario Hezonja","Andrew Nicholson","Anthony Tolliver","Darrun Hilliard","Steve Blake","Reggie Bullock","Joel Anthony",4,87,115,"00:01:19","00:10:41","00:00:15",453,"ORL","shot","Andrew Nicholson","","","","","",NA,"",NA,"Shabazz Napier",3,"","","made","","Jump Shot",24,230,56,2,10.6,"Napier 24' 3PT Jump Shot (10 PTS) (Nicholson 1 AST)"
"401","=""0021500514""","2015-2016 Regular Season","2016-01-04","Shabazz Napier","Aaron Gordon","Dewayne Dedmon","Mario Hezonja","Andrew Nicholson","Anthony Tolliver","Darrun Hilliard","Steve Blake","Reggie Bullock","Joel Anthony",4,87,115,"00:00:59","00:11:01","00:00:20",454,"DET","miss","","","","","","",NA,"",NA,"Steve Blake",0,"","","missed","","Jump Shot",23,227,24,47.7,86.6,"MISS Blake  3PT Jump Shot"
"403","=""0021500514""","2015-2016 Regular Season","2016-01-04","Shabazz Napier","Aaron Gordon","Dewayne Dedmon","Mario Hezonja","Andrew Nicholson","Anthony Tolliver","Darrun Hilliard","Steve Blake","Reggie Bullock","Joel Anthony",4,87,115,"00:00:51","00:11:09","00:00:08",456,"DET","miss","","","","Dewayne Dedmon","","",NA,"",NA,"Anthony Tolliver",0,"","","missed","","Jump Shot",5,45,16,29.5,87.4,"Dedmon BLOCK (2 BLK), MISS Tolliver 5' Jump Shot"
"405","=""0021500514""","2015-2016 Regular Season","2016-01-04","Shabazz Napier","Aaron Gordon","Dewayne Dedmon","Mario Hezonja","Andrew Nicholson","Anthony Tolliver","Darrun Hilliard","Steve Blake","Reggie Bullock","Joel Anthony",4,87,115,"00:00:44","00:11:16","00:00:06",458,"ORL","miss","","","","","","",NA,"",NA,"Shabazz Napier",0,"","","missed","","Jump Shot",25,225,105,2.5,15.5,"MISS Napier 25' 3PT Jump Shot"
"407","=""0021500514""","2015-2016 Regular Season","2016-01-04","Shabazz Napier","Aaron Gordon","Dewayne Dedmon","Mario Hezonja","Andrew Nicholson","Anthony Tolliver","Darrun Hilliard","Steve Blake","Reggie Bullock","Joel Anthony",4,87,115,"00:00:27","00:11:33","00:00:16",460,"DET","miss","","","","Dewayne Dedmon","","",NA,"",NA,"Joel Anthony",0,"","","missed","","Jump Shot",6,-55,13,19.5,87.7,"Dedmon BLOCK (3 BLK), MISS Anthony 6' Jump Shot"
"409","=""0021500514""","2015-2016 Regular Season","2016-01-04","Shabazz Napier","Aaron Gordon","Dewayne Dedmon","Mario Hezonja","Andrew Nicholson","Anthony Tolliver","Darrun Hilliard","Steve Blake","Reggie Bullock","Joel Anthony",4,87,115,"00:00:07","00:11:53","00:00:20",462,"ORL","miss","","","","Joel Anthony","","",NA,"",NA,"Andrew Nicholson",0,"","","missed","","Layup",1,6,-1,24.4,4.9,"MISS Nicholson 1' Layup, Anthony BLOCK (1 BLK)"
"411","=""0021500514""","2015-2016 Regular Season","2016-01-04","Shabazz Napier","Aaron Gordon","Dewayne Dedmon","Mario Hezonja","Andrew Nicholson","Anthony Tolliver","Darrun Hilliard","Steve Blake","Reggie Bullock","Joel Anthony",4,89,115,"00:00:05","00:11:55","00:00:02",464,"ORL","shot","","","","","","",NA,"",NA,"Andrew Nicholson",2,"","","made","","Layup",0,4,-1,24.6,4.9,"Nicholson  Layup (14 PTS)"
